material_id	material	brand_owner_id	brand_owner	brand_id	brand	subbrand_id	subbrand	subgroup_id	subgroup	pack_type_id	pact_type	pack_size_id	pack_size	pack_empty_id	pack_empty	category_id	category	line_id	line	subline_id	subline	product_id	product
40360	TUBORG 24 lattina 33cl x 4	0440	CARLSBERG	0647	TUBORG	0620	TUBORG	9001	CI-LAGER	0006	CAN	0072	CL  33	160	Vap	200	BIRRA	222	BIRRA CONF. CI	220	BIRRA TUBORG CF	0052	DANESI
40407	TUBORG Profile bt 66cl x6 POC	0440	CARLSBERG	0647	TUBORG	0620	TUBORG	9001	CI-LAGER	0003	VAP	0016	CL  66	160	Vap	200	BIRRA	222	BIRRA CONF. CI	220	BIRRA TUBORG CF	0052	DANESI
40662	IL BARDO DILETTO fusto 25L	0440	CARLSBERG	0144	IL BARDO	0937	DILETTO	0348	UVAGGIO	0007	FUSTO	0013	LT   25	220	Fusto	300	VINO	331	VINO FS GRUPPO CI	330	VINO FS IL BARDO	0056	VENETO
B002A	BAP 5 Luppoli Bock Chiara 24 bt 33clx3	0440	CARLSBERG	1077	BAP	1045	BAP 5	9003	CI-SPECIALTIES	0003	VAP	0072	CL  33	160	Vap	200	BIRRA	223	BIRRA CONF. CI	220	BIRRA BAP CF	0061	NAZIONALI
B0033	IL BARDO VERDUZZO FUSTO 25L	0440	CARLSBERG	0144	IL BARDO	0644	VERDUZZO	0260	VERDUZZO	0007	FUSTO	0013	LT   25	220	Fusto	300	VINO	331	VINO FS GRUPPO CI	330	VINO FS IL BARDO	0056	VENETO
B004A	ELEPHANT 24 bt 33cl	0440	CARLSBERG	0701	CARLSBERG	1008	ELEPHANT	9003	CI-SPECIALTIES	0003	VAP	0072	CL  33	160	Vap	200	BIRRA	221	BIRRA CONF. CI	220	BIRRA CARLSBERG CF	0052	DANESI
B01BE	CORONA EXTRA 24 bt 35.5x6	0440	CARLSBERG	0058	CORONA	0053	CORONA	0144	LAGER	0003	VAP	0095	CL  35,5	160	Vap	200	BIRRA	22A	BIRRA CONF. CI	220	BIRRA CORONA CF (CI)	0040	ALTRE EXTRA-EUR
B033A	CARLSBERG LAT 33 x24	0440	CARLSBERG	0701	CARLSBERG	0672	CARLSBERG	9001	CI-LAGER	0006	CAN	0072	CL  33	180	Lattina	200	BIRRA	221	BIRRA CONF. CI	220	BIRRA CARLSBERG CF	0052	DANESI
B034A	CARLSBERG 24 bt 33cl	0440	CARLSBERG	0701	CARLSBERG	0672	CARLSBERG	9001	CI-LAGER	0003	VAP	0072	CL  33	160	Vap	200	BIRRA	221	BIRRA CONF. CI	220	BIRRA CARLSBERG CF	0052	DANESI
B035A	CARLSBERG 15 bt 66cl	0440	CARLSBERG	0701	CARLSBERG	0672	CARLSBERG	9001	CI-LAGER	0003	VAP	0016	CL  66	160	Vap	200	BIRRA	221	BIRRA CONF. CI	220	BIRRA CARLSBERG CF	0052	DANESI
B036A	CARLSBERG fusto 25L	0440	CARLSBERG	0701	CARLSBERG	0672	CARLSBERG	9001	CI-LAGER	0007	FUSTO	0013	LT   25	220	Fusto	200	BIRRA	231	BIRRA FS GRUPPO CI	230	BIRRA CARLSBERG FS	0052	DANESI
B03DA	BAP 4 Luppoli Lager 24 bt 33clx3	0440	CARLSBERG	1077	BAP	1044	BAP 4	9001	CI-LAGER	0003	VAP	0072	CL  33	160	Vap	200	BIRRA	223	BIRRA CONF. CI	220	BIRRA BAP CF	0061	NAZIONALI
B03EA	BAP 4 Luppoli Lager 15 bt 66cl	0440	CARLSBERG	1077	BAP	1044	BAP 4	9001	CI-LAGER	0003	VAP	0016	CL  66	160	Vap	200	BIRRA	223	BIRRA CONF. CI	220	BIRRA BAP CF	0061	NAZIONALI
B03GA	BAP 4 Luppoli Originale fusto 25L	0440	CARLSBERG	1077	BAP	1044	BAP 4	9001	CI-LAGER	0007	FUSTO	0013	LT   25	220	Fusto	200	BIRRA	233	BIRRA FS GRUPPO CI	230	BIRRA BAP FS	0061	NAZIONALI
B03JA	BAP 3 Luppoli 24 lattina 33cl	0440	CARLSBERG	1077	BAP	1043	BAP 3	9001	CI-LAGER	0006	CAN	0072	CL  33	180	Lattina	200	BIRRA	223	BIRRA CONF. CI	220	BIRRA BAP CF	0061	NAZIONALI
B03KA	BAP 3 Luppoli 24 bt 33cl	0440	CARLSBERG	1077	BAP	1043	BAP 3	9001	CI-LAGER	0003	VAP	0072	CL  33	160	Vap	200	BIRRA	223	BIRRA CONF. CI	220	BIRRA BAP CF	0061	NAZIONALI
B03MA	BAP 3 Luppoli 15 bt 66cl	0440	CARLSBERG	1077	BAP	1043	BAP 3	9001	CI-LAGER	0003	VAP	0016	CL  66	160	Vap	200	BIRRA	223	BIRRA CONF. CI	220	BIRRA BAP CF	0061	NAZIONALI
B03TA	TUBORG 24 lattina 33cl	0440	CARLSBERG	0647	TUBORG	0620	TUBORG	9001	CI-LAGER	0006	CAN	0072	CL  33	180	Lattina	200	BIRRA	222	BIRRA CONF. CI	220	BIRRA TUBORG CF	0052	DANESI
B03UA	TUBORG 24 bt 33clx3	0440	CARLSBERG	0647	TUBORG	0620	TUBORG	9001	CI-LAGER	0003	VAP	0072	CL  33	160	Vap	200	BIRRA	222	BIRRA CONF. CI	220	BIRRA TUBORG CF	0052	DANESI
B03WA	TUBORG 24 lattina 50cl	0440	CARLSBERG	0647	TUBORG	0620	TUBORG	9001	CI-LAGER	0006	CAN	0017	CL  50	180	Lattina	200	BIRRA	222	BIRRA CONF. CI	220	BIRRA TUBORG CF	0052	DANESI
B03XA	TUBORG 15 bt 66cl	0440	CARLSBERG	0647	TUBORG	0620	TUBORG	9001	CI-LAGER	0003	VAP	0016	CL  66	160	Vap	200	BIRRA	222	BIRRA CONF. CI	220	BIRRA TUBORG CF	0052	DANESI
B03YA	TUBORG FLEX 20 fusto 20L	0440	CARLSBERG	0647	TUBORG	0620	TUBORG	9001	CI-LAGER	0015	FLEX 20	0008	LT   20	221	Fusto Draught Master	200	BIRRA	232	BIRRA FS GRUPPO CI	230	BIRRA TUBORG FS	0052	DANESI
B03ZA	TUBORG fusto 25L	0440	CARLSBERG	0647	TUBORG	0620	TUBORG	9001	CI-LAGER	0007	FUSTO	0013	LT   25	220	Fusto	200	BIRRA	232	BIRRA FS GRUPPO CI	230	BIRRA TUBORG FS	0052	DANESI
B040A	TUBORG TANK 500 LT	0440	CARLSBERG	0647	TUBORG	0620	TUBORG	9001	CI-LAGER	0005	TANK	0065	LT  500	230	Tank	200	BIRRA	232	BIRRA FS GRUPPO CI	230	BIRRA TUBORG FS	0052	DANESI
B041A	TUBORG TANK 1000 LT	0440	CARLSBERG	0647	TUBORG	0620	TUBORG	9001	CI-LAGER	0005	TANK	0014	LT 1000	230	Tank	200	BIRRA	232	BIRRA FS GRUPPO CI	230	BIRRA TUBORG FS	0052	DANESI
B0GPA	BAP 6 Luppoli Bock Rossa 24 bt 33cl x3	0440	CARLSBERG	1077	BAP	1046	BAP 6	9003	CI-SPECIALTIES	0003	VAP	0072	CL  33	160	Vap	200	BIRRA	223	BIRRA CONF. CI	220	BIRRA BAP CF	0061	NAZIONALI
B0GQA	BAP 6 Luppoli Bock Rossa fusto 25L	0440	CARLSBERG	1077	BAP	1046	BAP 6	9003	CI-SPECIALTIES	0007	FUSTO	0013	LT   25	220	Fusto	200	BIRRA	233	BIRRA FS GRUPPO CI	230	BIRRA BAP FS	0061	NAZIONALI
B0KSA	TUCHER HEFEWEIZEN 20 bt 50cl	0440	CARLSBERG	0237	TUCHER	1025	TUCHER WEIZEN	9001	CI-LAGER	0003	VAP	0017	CL  50	160	Vap	200	BIRRA	228	BIRRA CONF. CI	220	BIRRA TUCHER CF	0053	TEDESCHE
B0P0A	FELDSCHLOSSCHEN 10 bt 33cl	0440	CARLSBERG	0481	FELDSCHLOSSCHEN	0463	FELDSCHLOSSCHEN	9001	CI-LAGER	0003	VAP	0072	CL  33	160	Vap	200	BIRRA	224	BIRRA CONF. CI	220	BIRRE SPECIALI CI CF	0026	ALTRE EUROPA
B9GLF	BAP 3 Luppoli 24 lattina 50cl	0440	CARLSBERG	1077	BAP	1043	BAP 3	9001	CI-LAGER	0006	CAN	0017	CL  50	160	Vap	200	BIRRA	223	BIRRA CONF. CI	220	BIRRA BAP CF	0061	NAZIONALI
B9GLH	KRONENBOURG 1664 SELECT 10 fusto 10L	0440	CARLSBERG	0685	KRONENBOURG	0656	KRONENBOURG	9001	CI-LAGER	0010	SEL 10	0021	LT   10	222	SEL 10	200	BIRRA	233	BIRRA FS GRUPPO CI	230	BIRRA BAP FS	0052	DANESI
B9GLI	GRIMBERGEN BLANCHE 24 bt 33cl	0440	CARLSBERG	0828	GRIMBERGEN	0760	GRIMBERGEN BLANCHE	9002	CI-CRAFT	0003	VAP	0072	CL  33	160	Vap	200	BIRRA	225	BIRRA CONF. CI	220	BIRRA GRIMBERGEN CF	0016	BELGHE
B9GLL	KRONENBOURG 1664 FLEX 20 fusto 20L	0440	CARLSBERG	0685	KRONENBOURG	0656	KRONENBOURG	9001	CI-LAGER	0015	FLEX 20	0008	LT   20	221	Fusto Draught Master	200	BIRRA	232	BIRRA FS GRUPPO CI	230	BIRRA TUBORG FS	0007	FRANCIA
B9GLM	BAP 4 Luppoli Lager SELECT 10 fs 10L	0440	CARLSBERG	1077	BAP	1044	BAP 4	9001	CI-LAGER	0010	SEL 10	0021	LT   10	222	SEL 10	200	BIRRA	233	BIRRA FS GRUPPO CI	230	BIRRA BAP FS	0061	NAZIONALI
B9GLP	GRIMBERGEN DOUBLE 24 bt 33cl	0440	CARLSBERG	0828	GRIMBERGEN	0830	GRIMBERGEN DOUBLE	9002	CI-CRAFT	0003	VAP	0072	CL  33	160	Vap	200	BIRRA	225	BIRRA CONF. CI	220	BIRRA GRIMBERGEN CF	0016	BELGHE
B9GLQ	GRIMBERGEN BLONDE 24 bt 33cl	0440	CARLSBERG	0828	GRIMBERGEN	0804	GRIMBERGEN BLONDE	9002	CI-CRAFT	0003	VAP	0072	CL  33	160	Vap	200	BIRRA	225	BIRRA CONF. CI	220	BIRRA GRIMBERGEN CF	0016	BELGHE
B9GLR	TUCHER PILSNER MODULAR 20 fusto 20L	0440	CARLSBERG	0237	TUCHER	1030	TUCHER PILSENER	9001	CI-LAGER	0016	MOD 20	0008	LT   20	225	Fs ACEII Birra Lager	200	BIRRA	237	BIRRA FS GRUPPO CI	230	BIRRA TUCHER FS	0053	TEDESCHE
B9GLS	TUCHER UBERSEE MODULAR 20 fusto 20L	0440	CARLSBERG	0237	TUCHER	1029	TUCHER UBERSEE	9001	CI-LAGER	0016	MOD 20	0008	LT   20	225	Fs ACEII Birra Lager	200	BIRRA	237	BIRRA FS GRUPPO CI	230	BIRRA TUCHER FS	0053	TEDESCHE
B9GLT	BAP CHIARA ORIGINALE TANK 1000 LT	0440	CARLSBERG	1077	BAP	0825	BAP	9001	CI-LAGER	0005	TANK	0014	LT 1000	230	Tank	200	BIRRA	233	BIRRA FS GRUPPO CI	230	BIRRA BAP FS	0061	NAZIONALI
B9GLU	BAP CHIARA ORIGINALE TANK 500 LT	0440	CARLSBERG	1077	BAP	1044	BAP 4	9001	CI-LAGER	0005	TANK	0065	LT  500	230	Tank	200	BIRRA	233	BIRRA FS GRUPPO CI	230	BIRRA BAP FS	0061	NAZIONALI
B9HAB	TUCHER KELLER 20 bt 50cl	0440	CARLSBERG	0237	TUCHER	1028	TUCHER KELLER	9001	CI-LAGER	0003	VAP	0017	CL  50	160	Vap	200	BIRRA	228	BIRRA CONF. CI	220	BIRRA TUCHER CF	0053	TEDESCHE
B9HAJ	BAP 7 Luppoli L'Estiva  24 bt 33cl	0440	CARLSBERG	1077	BAP	1047	BAP 7	9002	CI-CRAFT	0003	VAP	0072	CL  33	160	Vap	200	BIRRA	223	BIRRA CONF. CI	220	BIRRA BAP CF	0061	NAZIONALI
B9HAK	BAP 7 Luppoli L'Estiva MODULAR 20 fs 20L	0440	CARLSBERG	1077	BAP	1047	BAP 7	9002	CI-CRAFT	0016	MOD 20	0008	LT   20	228	Fs ACEII Birra Craft	200	BIRRA	233	BIRRA FS GRUPPO CI	230	BIRRA BAP FS	0061	NAZIONALI
B9HAP	BAP 7 Luppoli L'Estiva SELECT 10 fs 10L	0440	CARLSBERG	1077	BAP	1047	BAP 7	9002	CI-CRAFT	0010	SEL 10	0021	LT   10	222	SEL 10	200	BIRRA	233	BIRRA FS GRUPPO CI	230	BIRRA BAP FS	0061	NAZIONALI
B9HAQ	BAP 7 Luppoli NON FILTRATA SELECT 10 fs	0440	CARLSBERG	1077	BAP	1047	BAP 7	9002	CI-CRAFT	0010	SEL 10	0021	LT   10	222	SEL 10	200	BIRRA	233	BIRRA FS GRUPPO CI	230	BIRRA BAP FS	0061	NAZIONALI
B9HAR	CARLSBERG FLEX 20 FUSTO 20L	0440	CARLSBERG	0701	CARLSBERG	0672	CARLSBERG	9001	CI-LAGER	0015	FLEX 20	0008	LT   20	221	Fusto Draught Master	200	BIRRA	231	BIRRA FS GRUPPO CI	230	BIRRA CARLSBERG FS	0052	DANESI
B9HAT	ANGELO PALE ALE 6 bt 75cl	0440	CARLSBERG	1077	BAP	1038	BAP ANGELO	9002	CI-CRAFT	0003	VAP	0053	CL  75	160	Vap	200	BIRRA	223	BIRRA CONF. CI	220	BIRRA BAP CF	0061	NAZIONALI
B9HAU	ANGELO BROWN ALE BOTTIGLIE 6 bt 075cl	0440	CARLSBERG	1077	BAP	1038	BAP ANGELO	9002	CI-CRAFT	0003	VAP	0053	CL  75	160	Vap	200	BIRRA	223	BIRRA CONF. CI	220	BIRRA BAP CF	0061	NAZIONALI
B9HAV	ANGELO PALE ALE SELECT 10 fusto 10L	0440	CARLSBERG	1077	BAP	1038	BAP ANGELO	9002	CI-CRAFT	0010	SEL 10	0021	LT   10	222	SEL 10	200	BIRRA	233	BIRRA FS GRUPPO CI	230	BIRRA BAP FS	0061	NAZIONALI
B9HAW	ANGELO PALE ALE MODULAR 20 fusto 20L	0440	CARLSBERG	1077	BAP	1038	BAP ANGELO	9002	CI-CRAFT	0016	MOD 20	0008	LT   20	228	Fs ACEII Birra Craft	200	BIRRA	233	BIRRA FS GRUPPO CI	230	BIRRA BAP FS	0061	NAZIONALI
B9HAY	ANGELO BROWN ALE MODULAR 20 fusto 20L	0440	CARLSBERG	1077	BAP	1038	BAP ANGELO	9002	CI-CRAFT	0016	MOD 20	0008	LT   20	228	Fs ACEII Birra Craft	200	BIRRA	233	BIRRA FS GRUPPO CI	230	BIRRA BAP FS	0061	NAZIONALI
B9KMA	BROOKLYN EIPA 24 bt 35,5cl	0440	CARLSBERG	0059	BROOKLYN	1066	Brooklyn Lager	9002	CI-CRAFT	0003	VAP	0095	CL  35,5	160	Vap	200	BIRRA	229	BIRRA CONF. CI	220	BIRRA BROOKLYN CF	0074	USA
B9KPA	BAP 4 Luppoli Lager FLEX 20 fS 20L	0440	CARLSBERG	1077	BAP	1044	BAP 4	9001	CI-LAGER	0015	FLEX 20	0008	LT   20	221	Fusto Draught Master	200	BIRRA	233	BIRRA FS GRUPPO CI	230	BIRRA BAP FS	0061	NAZIONALI
B9KXA	KRONENBOURG 1664 15 bt 66cl	0440	CARLSBERG	0685	KRONENBOURG	0656	KRONENBOURG	9001	CI-LAGER	0003	VAP	0016	CL  66	160	Vap	200	BIRRA	224	BIRRA CONF. CI	220	BIRRE SPECIALI CI CF	0046	FRANCESI
B9LKA	TUBORG MODULAR 20 fusto 20L	0440	CARLSBERG	0647	TUBORG	0620	TUBORG	9001	CI-LAGER	0016	MOD 20	0008	LT   20	225	Fs ACEII Birra Lager	200	BIRRA	232	BIRRA FS GRUPPO CI	230	BIRRA TUBORG FS	0052	DANESI
B9LMA	BAP 3 Luppoli 24 bt 33clx3	0440	CARLSBERG	1077	BAP	1043	BAP 3	9001	CI-LAGER	0003	VAP	0072	CL  33	160	Vap	200	BIRRA	223	BIRRA CONF. CI	220	BIRRA BAP CF	0061	NAZIONALI
B9LNA	BAP 3 Luppoli 24 bt 33clx6	0440	CARLSBERG	1077	BAP	1043	BAP 3	0105	PILS	0003	VAP	0072	CL  33	160	Vap	200	BIRRA	223	BIRRA CONF. CI	220	BIRRA BAP CF	0061	NAZIONALI
B9LOA	CARLSBERG TANK 500 LT	0440	CARLSBERG	0701	CARLSBERG	0672	CARLSBERG	0144	LAGER	0005	TANK	0065	LT  500	230	Tank	200	BIRRA	231	BIRRA FS GRUPPO CI	230	BIRRA CARLSBERG FS	0052	DANESI
B9LOP	CARLSBERG SPECIAL BREW MODULAR 20 fs 20L	0440	CARLSBERG	0701	CARLSBERG	0995	SPECIAL BREW	9003	CI-SPECIALTIES	0016	MOD 20	0008	LT   20	228	Fs ACEII Birra Craft	200	BIRRA	231	BIRRA FS GRUPPO CI	230	BIRRA CARLSBERG FS	0052	DANESI
B9LOZ	CARLSBERG ELEPHANT MODULAR 20 fusto 20L	0440	CARLSBERG	0701	CARLSBERG	1008	ELEPHANT	9003	CI-SPECIALTIES	0016	MOD 20	0008	LT   20	228	Fs ACEII Birra Craft	200	BIRRA	231	BIRRA FS GRUPPO CI	230	BIRRA CARLSBERG FS	0052	DANESI
B9LRA	GRIMBERGEN DOUBLE MODULAR 20 fusto 20L	0440	CARLSBERG	0828	GRIMBERGEN	0830	GRIMBERGEN DOUBLE	9002	CI-CRAFT	0016	MOD 20	0008	LT   20	228	Fs ACEII Birra Craft	200	BIRRA	235	BIRRA FS GRUPPO CI	230	BIRRA GRIMBERGEN FS	0016	BELGHE
B9LRE	BAP 5 Luppoli Bock Chiara MODULAR 20 fs	0440	CARLSBERG	1077	BAP	1045	BAP 5	9003	CI-SPECIALTIES	0016	MOD 20	0008	LT   20	227	Fs ACEII Birra Spec.	200	BIRRA	233	BIRRA FS GRUPPO CI	230	BIRRA BAP FS	0061	NAZIONALI
B9LRI	GRIMBERGEN BLANCHE MODULAR 20 fusto 20L	0440	CARLSBERG	0828	GRIMBERGEN	0760	GRIMBERGEN BLANCHE	9002	CI-CRAFT	0016	MOD 20	0008	LT   20	228	Fs ACEII Birra Craft	200	BIRRA	235	BIRRA FS GRUPPO CI	230	BIRRA GRIMBERGEN FS	0016	BELGHE
B9LRO	BAP 4 Luppoli Lager MODULAR 20 fs 20	0440	CARLSBERG	1077	BAP	1044	BAP 4	9001	CI-LAGER	0016	MOD 20	0008	LT   20	225	Fs ACEII Birra Lager	200	BIRRA	233	BIRRA FS GRUPPO CI	230	BIRRA BAP FS	0061	NAZIONALI
B9LRU	GRIMBERGEN BLONDE MODULAR 20 fusto 20L	0440	CARLSBERG	0828	GRIMBERGEN	0804	GRIMBERGEN BLONDE	9002	CI-CRAFT	0016	MOD 20	0008	LT   20	228	Fs ACEII Birra Craft	200	BIRRA	235	BIRRA FS GRUPPO CI	230	BIRRA GRIMBERGEN FS	0016	BELGHE
B9LZA	BAP 6 Luppoli Bock Rossa MODULAR 20 fs	0440	CARLSBERG	1077	BAP	1046	BAP 6	9003	CI-SPECIALTIES	0016	MOD 20	0008	LT   20	227	Fs ACEII Birra Spec.	200	BIRRA	233	BIRRA FS GRUPPO CI	230	BIRRA BAP FS	0061	NAZIONALI
B9LZE	KRONENBOURG 1664 MODULAR 20 fusto 20L	0440	CARLSBERG	0685	KRONENBOURG	0656	KRONENBOURG	9001	CI-LAGER	0016	MOD 20	0008	LT   20	225	Fs ACEII Birra Lager	200	BIRRA	234	BIRRA FS GRUPPO CI	230	BIRRE SPECIALI FS CI	0046	FRANCESI
B9LZI	CARLSBERG MODULAR 20 fusto 20L	0440	CARLSBERG	0701	CARLSBERG	0672	CARLSBERG	9001	CI-LAGER	0016	MOD 20	0008	LT   20	225	Fs ACEII Birra Lager	200	BIRRA	231	BIRRA FS GRUPPO CI	230	BIRRA CARLSBERG FS	0052	DANESI
B9LZO	TUCHER WEIZEN MODULAR 20 fusto 20L	0440	CARLSBERG	0237	TUCHER	1025	TUCHER WEIZEN	9001	CI-LAGER	0016	MOD 20	0008	LT   20	225	Fs ACEII Birra Lager	200	BIRRA	237	BIRRA FS GRUPPO CI	230	BIRRA TUCHER FS	0053	TEDESCHE
B9UCA	CARLSBERG 24 bt 33clx3	0440	CARLSBERG	0701	CARLSBERG	0672	CARLSBERG	9001	CI-LAGER	0003	VAP	0072	CL  33	160	Vap	200	BIRRA	221	BIRRA CONF. CI	220	BIRRA CARLSBERG CF	0052	DANESI
B9VBB	PL MONTES FILUFERRU 70x1	0529	RAU	1054	MONTES	0853	PRIVATE LABEL	0016	GRAPPA	0003	VAP	0070	CL  70	241	PRIVATE LABEL SPIRIT	500	SPIRITS	526	SPIRITS PL	520	GRAPPE	0044	varie
B9VBC	PL MONTES LIMONCELLO 70x1	059	CONCILIO SPA	1054	MONTES	0853	PRIVATE LABEL	0200	LIMONCINO	0003	VAP	0070	CL  70	241	PRIVATE LABEL SPIRIT	500	SPIRITS	522	SPIRITS PL	520	LIMONCINI	0044	varie
B9VBD	PL MONTES MIRTO R SARD IG 70x1	0529	RAU	1054	MONTES	0853	PRIVATE LABEL	0087	LIQUORE DOLCE	0003	VAP	0070	CL  70	241	PRIVATE LABEL SPIRIT	500	SPIRITS	52F	SPIRITS PL	520	LIQUORI ALTRI	0044	varie
B9VBE	BAP 7 Luppoli NON FILTRATA 24bt 33cl	0440	CARLSBERG	1077	BAP	1047	BAP 7	9002	CI-CRAFT	0003	VAP	0072	CL  33	160	Vap	200	BIRRA	223	BIRRA CONF. CI	220	BIRRA BAP CF	0061	NAZIONALI
B9VBF	BAP 7 NON FILT INV MODULAR 20 fusto 20 L	0440	CARLSBERG	1077	BAP	1047	BAP 7	9002	CI-CRAFT	0016	MOD 20	0008	LT   20	228	Fs ACEII Birra Craft	200	BIRRA	233	BIRRA FS GRUPPO CI	230	BIRRA BAP FS	0061	NAZIONALI
B9VBH	BAP 7 La Fiorita 24bt 33clx3	0440	CARLSBERG	1077	BAP	1047	BAP 7	9002	CI-CRAFT	0003	VAP	0072	CL  33	160	Vap	200	BIRRA	223	BIRRA CONF. CI	220	BIRRA BAP CF	0061	NAZIONALI
B9VBI	BAP 7 Luppoli La Fiorita SELECT 10 fs10L	0440	CARLSBERG	1077	BAP	1047	BAP 7	9002	CI-CRAFT	0010	SEL 10	0021	LT   10	222	SEL 10	200	BIRRA	233	BIRRA FS GRUPPO CI	230	BIRRA BAP FS	0061	NAZIONALI
B9VBK	BAP 7 Luppoli La Fiorita MODULAR 20 fs20	0440	CARLSBERG	1077	BAP	1047	BAP 7	9002	CI-CRAFT	0016	MOD 20	0008	LT   20	228	Fs ACEII Birra Craft	200	BIRRA	233	BIRRA FS GRUPPO CI	230	BIRRA BAP FS	0061	NAZIONALI
B9VBN	TUBORG Select 10 fusto 10L	0440	CARLSBERG	0647	TUBORG	0620	TUBORG	9001	CI-LAGER	0010	SEL 10	0021	LT   10	222	SEL 10	200	BIRRA	232	BIRRA FS GRUPPO CI	230	BIRRA TUBORG FS	0052	DANESI
B9VBO	CARLSBERG PET 24 bt 33cl	0440	CARLSBERG	0701	CARLSBERG	0672	CARLSBERG	9001	CI-LAGER	0003	VAP	0072	CL  33	160	Vap	200	BIRRA	221	BIRRA CONF. CI	220	BIRRA CARLSBERG CF	0052	DANESI
B9VBQ	TUCHER FESTBIER MODULAR 20 fusto 20L	0440	CARLSBERG	0237	TUCHER	1052	TUCHER FESTBIER	9001	CI-LAGER	0016	MOD 20	0008	LT   20	225	Fs ACEII Birra Lager	200	BIRRA	237	BIRRA FS GRUPPO CI	230	BIRRA TUCHER FS	0053	TEDESCHE
B9VBR	BAP 7 La Mielizia 24bt 33clx3	0440	CARLSBERG	1077	BAP	1047	BAP 7	9002	CI-CRAFT	0003	VAP	0072	CL  33	160	Vap	200	BIRRA	223	BIRRA CONF. CI	220	BIRRA BAP CF	0061	NAZIONALI
B9VBS	BAP 7 Luppoli LA MIELIZIA SELECT 10 fs10	0440	CARLSBERG	1077	BAP	1047	BAP 7	9002	CI-CRAFT	0010	SEL 10	0021	LT   10	222	SEL 10	200	BIRRA	233	BIRRA FS GRUPPO CI	230	BIRRA BAP FS	0061	NAZIONALI
B9VBT	BAP 7 Luppoli LA MIELIZIA MODULAR 20 fs	0440	CARLSBERG	1077	BAP	1047	BAP 7	9002	CI-CRAFT	0016	MOD 20	0008	LT   20	228	Fs ACEII Birra Craft	200	BIRRA	233	BIRRA FS GRUPPO CI	230	BIRRA BAP FS	0061	NAZIONALI
B9VBU	TUCHER UBERSEE TANK 500 L	0440	CARLSBERG	0237	TUCHER	1029	TUCHER UBERSEE	9001	CI-LAGER	0005	TANK	0065	LT  500	230	Tank	200	BIRRA	237	BIRRA FS GRUPPO CI	230	BIRRA TUCHER FS	0053	TEDESCHE
B9VBW	BAP 8 Luppoli 6 bt 75cl	0440	CARLSBERG	1077	BAP	1054	BAP 8	9002	CI-CRAFT	0003	VAP	0053	CL  75	160	Vap	200	BIRRA	223	BIRRA CONF. CI	220	BIRRA BAP CF	0061	NAZIONALI
B9VBX	TUBORG RED MODULAR 20 fusto 20L	0440	CARLSBERG	0647	TUBORG	1088	TUBORG RED	9003	CI-SPECIALTIES	0016	MOD 20	0008	LT   20	227	Fs ACEII Birra Spec.	200	BIRRA	232	BIRRA FS GRUPPO CI	230	BIRRA TUBORG FS	0052	DANESI
B9VCD	BAP 10 Luppoli MODULAR 20 fusto 20L	0440	CARLSBERG	1077	BAP	1055	BAP 10	9002	CI-CRAFT	0016	MOD 20	0008	LT   20	228	Fs ACEII Birra Craft	200	BIRRA	233	BIRRA FS GRUPPO CI	230	BIRRA BAP FS	0061	NAZIONALI
B9VCE	BAP 10 Luppoli SELECT 10 fusto 10L	0440	CARLSBERG	1077	BAP	1055	BAP 10	9002	CI-CRAFT	0010	SEL 10	0021	LT   10	222	SEL 10	200	BIRRA	233	BIRRA FS GRUPPO CI	230	BIRRA BAP FS	0061	NAZIONALI
B9VCF	BAP 8 Luppoli MODULAR 20 fusto 20L	0440	CARLSBERG	1077	BAP	1054	BAP 8	9002	CI-CRAFT	0016	MOD 20	0008	LT   20	228	Fs ACEII Birra Craft	200	BIRRA	233	BIRRA FS GRUPPO CI	230	BIRRA BAP FS	0061	NAZIONALI
B9VCG	BAP 10 LUPPOLI LE BOLLICINE 6 bt 75cl	0440	CARLSBERG	1077	BAP	1055	BAP 10	9002	CI-CRAFT	0003	VAP	0053	CL  75	160	Vap	200	BIRRA	223	BIRRA CONF. CI	220	BIRRA BAP CF	0061	NAZIONALI
B9VCL	GRIMBERGEN DOUBLE 6 bt 75cl	0440	CARLSBERG	0828	GRIMBERGEN	0830	GRIMBERGEN DOUBLE	9002	CI-CRAFT	0003	VAP	0053	CL  75	160	Vap	200	BIRRA	225	BIRRA CONF. CI	220	BIRRA GRIMBERGEN CF	0016	BELGHE
B9VCM	GRIMBERGEN BLONDE 6 bt 75cl	0440	CARLSBERG	0828	GRIMBERGEN	0804	GRIMBERGEN BLONDE	9002	CI-CRAFT	0003	VAP	0053	CL  75	160	Vap	200	BIRRA	225	BIRRA CONF. CI	220	BIRRA GRIMBERGEN CF	0016	BELGHE
B9VCN	SOMERSBY bott 33 cl	0440	CARLSBERG	0437	SOMERSBY	0419	SOMERSBY	0026	SIDRO	0003	VAP	0072	CL  33	160	Vap	200	BIRRA	22B	BIRRA CONF. CI	220	SIDRO CF CI	0004	danimarca
B9VCO	BAP 9 Luppoli PORTER 12 lattine 33cl	0440	CARLSBERG	1077	BAP	1056	BAP 9	9002	CI-CRAFT	0006	CAN	0072	CL  33	180	Lattina	200	BIRRA	223	BIRRA CONF. CI	220	BIRRA BAP CF	0061	NAZIONALI
B9VCP	BAP 9 Luppoli America IPA 12 lattine 33c	0440	CARLSBERG	1077	BAP	1056	BAP 9	9002	CI-CRAFT	0006	CAN	0072	CL  33	180	Lattina	200	BIRRA	223	BIRRA CONF. CI	220	BIRRA BAP CF	0061	NAZIONALI
B9VCQ	BAP 9 Luppoli WITBIER 12 lattine 33 cl	0440	CARLSBERG	1077	BAP	1056	BAP 9	9002	CI-CRAFT	0006	CAN	0072	CL  33	180	Lattina	200	BIRRA	223	BIRRA CONF. CI	220	BIRRA BAP CF	0061	NAZIONALI
B9VCR	BAP 9 Luppoli Belgian Blanche MD 20	0440	CARLSBERG	1077	BAP	1056	BAP 9	9002	CI-CRAFT	0016	MOD 20	0008	LT   20	228	Fs ACEII Birra Craft	200	BIRRA	233	BIRRA FS GRUPPO CI	230	BIRRA BAP FS	0061	NAZIONALI
B9VCS	CARLSBERG SPECIAL BREW 24 BT 33cl	0440	CARLSBERG	0701	CARLSBERG	0995	SPECIAL BREW	9003	CI-SPECIALTIES	0003	VAP	0072	CL  33	160	Vap	200	BIRRA	221	BIRRA CONF. CI	220	BIRRA CARLSBERG CF	0052	DANESI
B9VCT	BAP 9 Luppoli America IPA MODULAR 20 fs	0440	CARLSBERG	1077	BAP	1056	BAP 9	9002	CI-CRAFT	0016	MOD 20	0008	LT   20	228	Fs ACEII Birra Craft	200	BIRRA	233	BIRRA FS GRUPPO CI	230	BIRRA BAP FS	0061	NAZIONALI
B9VCW	BAP 10 Luppoli 6 bt 75cl astucci	0440	CARLSBERG	1077	BAP	1055	BAP 10	9002	CI-CRAFT	0003	VAP	0053	CL  75	160	Vap	200	BIRRA	223	BIRRA CONF. CI	220	BIRRA BAP CF	0061	NAZIONALI
B9VCY	JACOBSEN INDIA PALE ALE MODUL. 20 fs 20L	0440	CARLSBERG	0701	CARLSBERG	1064	JACOBSEN	9002	CI-CRAFT	0016	MOD 20	0008	LT   20	228	Fs ACEII Birra Craft	200	BIRRA	231	BIRRA FS GRUPPO CI	230	BIRRA CARLSBERG FS	0052	DANESI
B9VCZ	JACOBSEN WEISSBIER MODULAR 20 fusto 20L	0440	CARLSBERG	0701	CARLSBERG	1064	JACOBSEN	9002	CI-CRAFT	0016	MOD 20	0008	LT   20	228	Fs ACEII Birra Craft	200	BIRRA	231	BIRRA FS GRUPPO CI	230	BIRRA CARLSBERG FS	0052	DANESI
B9VDA	BROOKLYN EIPA MODULAR 20 fusto 20L	0440	CARLSBERG	0059	BROOKLYN	1067	Brooklyn EIPA	9002	CI-CRAFT	0016	MOD 20	0008	LT   20	228	Fs ACEII Birra Craft	200	BIRRA	239	BIRRA FS GRUPPO CI	230	BIRRA BROOKLYN FS	0074	USA
B9VDB	BROOKLYN LAGER MODULAR 20 fusto 20L	0440	CARLSBERG	0059	BROOKLYN	1066	Brooklyn Lager	9002	CI-CRAFT	0016	MOD 20	0008	LT   20	228	Fs ACEII Birra Craft	200	BIRRA	239	BIRRA FS GRUPPO CI	230	BIRRA BROOKLYN FS	0074	USA
B9VDD	BAP 10 Luppoli Ros√® 6 bt 75cl	0440	CARLSBERG	1077	BAP	1055	BAP 10	9002	CI-CRAFT	0003	VAP	0053	CL  75	160	Vap	200	BIRRA	223	BIRRA CONF. CI	220	BIRRA BAP CF	0061	NAZIONALI
B9VDE	BROOKLYN LAGER 24 bt 35,5cl	0440	CARLSBERG	0059	BROOKLYN	1066	Brooklyn Lager	9002	CI-CRAFT	0003	VAP	0095	CL  35,5	160	Vap	200	BIRRA	229	BIRRA CONF. CI	220	BIRRA BROOKLYN CF	0074	USA
B9VDF	BAP 9 Luppoli America IPA 24 bt 33x3	0440	CARLSBERG	1077	BAP	1056	BAP 9	9002	CI-CRAFT	0003	VAP	0072	CL  33	160	Vap	200	BIRRA	223	BIRRA CONF. CI	220	BIRRA BAP CF	0061	NAZIONALI
B9VDG	ANGELO BLANCHE modular20 fs 20L	0440	CARLSBERG	1077	BAP	1038	BAP ANGELO	9002	CI-CRAFT	0016	MOD 20	0008	LT   20	228	Fs ACEII Birra Craft	200	BIRRA	233	BIRRA FS GRUPPO CI	230	BIRRA BAP FS	0061	NAZIONALI
B9VDH	ANGELO BLANCHE select 10fs 10L	0440	CARLSBERG	1077	BAP	1038	BAP ANGELO	9002	CI-CRAFT	0010	SEL 10	0021	LT   10	222	SEL 10	200	BIRRA	233	BIRRA FS GRUPPO CI	230	BIRRA BAP FS	0061	NAZIONALI
B9VDI	ANGELO BLANCHE 6bt 75cl	0440	CARLSBERG	1077	BAP	1038	BAP ANGELO	9002	CI-CRAFT	0003	VAP	0053	CL  75	160	Vap	200	BIRRA	223	BIRRA CONF. CI	220	BIRRA BAP CF	0061	NAZIONALI
B9VDO	GRIMBERGEN NOEL MODULAR 20 fs 20	0440	CARLSBERG	0828	GRIMBERGEN	1086	GRIMBERGEN NOEL	9002	CI-CRAFT	0016	MOD 20	0008	LT   20	228	Fs ACEII Birra Craft	200	BIRRA	235	BIRRA FS GRUPPO CI	230	BIRRA GRIMBERGEN FS	0016	BELGHE
B9VDT	BAP 9 Belgian Blanche 24 bt 33clx3	0440	CARLSBERG	1077	BAP	1056	BAP 9	9002	CI-CRAFT	0003	VAP	0072	CL  33	160	Vap	200	BIRRA	223	BIRRA CONF. CI	220	BIRRA BAP CF	0061	NAZIONALI
B9VDU	GRIMBERGEN TRIPLE MODULAR 20	0440	CARLSBERG	0828	GRIMBERGEN	1087	GRIMBERGEN TRIPLE	9002	CI-CRAFT	0016	MOD 20	0008	LT   20	228	Fs ACEII Birra Craft	200	BIRRA	235	BIRRA FS GRUPPO CI	230	BIRRA GRIMBERGEN FS	0016	BELGHE
B9VDV	BAP 8 Gusto Agrumato 6 bt 75cl	0440	CARLSBERG	1077	BAP	1054	BAP 8	9002	CI-CRAFT	0003	VAP	0053	CL  75	160	Vap	200	BIRRA	223	BIRRA CONF. CI	220	BIRRA BAP CF	0061	NAZIONALI
B9VDW	BAP 8 Gusto Agrumato Modular 20 fs 20L	0440	CARLSBERG	1077	BAP	1054	BAP 8	9002	CI-CRAFT	0016	MOD 20	0008	LT   20	228	Fs ACEII Birra Craft	200	BIRRA	233	BIRRA FS GRUPPO CI	230	BIRRA BAP FS	0061	NAZIONALI
B9VDX	BAP 8 Gusto Tostato 6 bt 75cl	0440	CARLSBERG	1077	BAP	1054	BAP 8	9002	CI-CRAFT	0003	VAP	0053	CL  75	160	Vap	200	BIRRA	223	BIRRA CONF. CI	220	BIRRA BAP CF	0061	NAZIONALI
B9VDY	Hibu Entropia Golden Ale MODULAR 20	0663	HIBU BIRRIFICIO	1103	HIBU	1073	HIBU ENTROPIA GOLDEN	9012	ARTIGIANALI CRAFT	0016	MOD 20	0008	LT   20	229	Fs ACEII Birra Artig	200	BIRRA	24C	BIRRA FUSTO ALTRE	240	BIRRA ARTIGIANALI FS	0061	NAZIONALI
B9VDZ	BAP 4 BIO 24 bt 33cl	0440	CARLSBERG	1077	BAP	1044	BAP 4	9003	CI-SPECIALTIES	0003	VAP	0072	CL  33	160	Vap	200	BIRRA	223	BIRRA CONF. CI	220	BIRRA BAP CF	0061	NAZIONALI
B9VEA	BAP 7 L'Esotica SELECT 10	0440	CARLSBERG	1077	BAP	1047	BAP 7	9002	CI-CRAFT	0010	SEL 10	0021	LT   10	222	SEL 10	200	BIRRA	233	BIRRA FS GRUPPO CI	230	BIRRA BAP FS	0061	NAZIONALI
B9VEB	BAP 7 L'Esotica MODULAR 20	0440	CARLSBERG	1077	BAP	1047	BAP 7	9002	CI-CRAFT	0016	MOD 20	0008	LT   20	228	Fs ACEII Birra Craft	200	BIRRA	233	BIRRA FS GRUPPO CI	230	BIRRA BAP FS	0061	NAZIONALI
B9VEC	BAP 7 L'Esotica 24bt 33cl	0440	CARLSBERG	1077	BAP	1047	BAP 7	9002	CI-CRAFT	0003	VAP	0072	CL  33	160	Vap	200	BIRRA	223	BIRRA CONF. CI	220	BIRRA BAP CF	0061	NAZIONALI
B9VEG	BAP 7 L'Affumicata SELECT 10	0440	CARLSBERG	1077	BAP	1047	BAP 7	9002	CI-CRAFT	0010	SEL 10	0021	LT   10	222	SEL 10	200	BIRRA	233	BIRRA FS GRUPPO CI	230	BIRRA BAP FS	0061	NAZIONALI
B9VEH	BAP 7 L'Affumicata 24 bt 33cl	0440	CARLSBERG	1077	BAP	1047	BAP 7	9002	CI-CRAFT	0003	VAP	0072	CL  33	160	Vap	200	BIRRA	223	BIRRA CONF. CI	220	BIRRA BAP CF	0061	NAZIONALI
B9VEI	BAP 7 L'Affumicata MODULAR 20	0440	CARLSBERG	1077	BAP	1047	BAP 7	9002	CI-CRAFT	0016	MOD 20	0008	LT   20	228	Fs ACEII Birra Craft	200	BIRRA	233	BIRRA FS GRUPPO CI	230	BIRRA BAP FS	0061	NAZIONALI
B9VEJ	BAP 4 TEST MODULAR 20 fs 20	0440	CARLSBERG	1077	BAP	1044	BAP 4	9001	CI-LAGER	0016	MOD 20	0008	LT   20	225	Fs ACEII Birra Lager	200	BIRRA	233	BIRRA FS GRUPPO CI	230	BIRRA BAP FS	0061	NAZIONALI
B9VEK	BROOKLYN NARANJITO MODULAR 20 fusto 20L	0440	CARLSBERG	0059	BROOKLYN	1090	BROOKLYN NARANJITO	9002	CI-CRAFT	0016	MOD 20	0008	LT   20	228	Fs ACEII Birra Craft	200	BIRRA	239	BIRRA FS GRUPPO CI	230	BIRRA BROOKLYN FS	0074	USA
B9VEL	BAP 9 Bohemian Pils 24 bt 33clx3	0440	CARLSBERG	1077	BAP	1056	BAP 9	9002	CI-CRAFT	0003	VAP	0072	CL  33	160	Vap	200	BIRRA	223	BIRRA CONF. CI	220	BIRRA BAP CF	0061	NAZIONALI
B9VEM	BAP 9 Bohemian Pils MODULAR 20	0440	CARLSBERG	1077	BAP	1056	BAP 9	9002	CI-CRAFT	0016	MOD 20	0008	LT   20	228	Fs ACEII Birra Craft	200	BIRRA	233	BIRRA FS GRUPPO CI	230	BIRRA BAP FS	0061	NAZIONALI
B9VEN	BAP 4 Lager BIO MODULAR 20	0440	CARLSBERG	1077	BAP	1044	BAP 4	9003	CI-SPECIALTIES	0016	MOD 20	0008	LT   20	227	Fs ACEII Birra Spec.	200	BIRRA	233	BIRRA FS GRUPPO CI	230	BIRRA BAP FS	0061	NAZIONALI
B9VEO	BAP 3 luppoli fusto 25L	0440	CARLSBERG	1077	BAP	1043	BAP 3	9001	CI-LAGER	0007	FUSTO	0013	LT   25	220	Fusto	200	BIRRA	233	BIRRA FS GRUPPO CI	230	BIRRA BAP FS	0061	NAZIONALI
B9VEP	BAP 4 LAGER 12 LATTINE 33cl	0440	CARLSBERG	1077	BAP	1044	BAP 4	9001	CI-LAGER	0006	CAN	0072	CL  33	180	Lattina	200	BIRRA	223	BIRRA CONF. CI	220	BIRRA BAP CF	0061	NAZIONALI
C000A	IL BARDO CESELLO VDT FRIZ fusto 25L	0440	CARLSBERG	0144	IL BARDO	0321	CESELLO	9100	CI-VINO BARDO	0007	FUSTO	0013	LT   25	220	Fusto	300	VINO	331	VINO FS GRUPPO CI	330	VINO FS IL BARDO	0056	VENETO
C002A	IL BARDO DILETTO BCO VDT fusto 25L	0440	CARLSBERG	0144	IL BARDO	0937	DILETTO	9100	CI-VINO BARDO	0007	FUSTO	0013	LT   25	220	Fusto	300	VINO	331	VINO FS GRUPPO CI	330	VINO FS IL BARDO	0056	VENETO
C0AAA	PL LE MIMOSE PIGATO x6	0317	AZIENDA AGRICOLA DURIN	0041	LE MIMOSE	0853	PRIVATE LABEL	0086	PIGATO	0003	VAP	0053	CL  75	240	PRIVATE LABEL VINI	300	VINO	321	VINO CONFEZIONATO PL	320	VINO BOTT 75 BCO	0073	LIGURIA
C0ABA	PL LE MIMOSE VERMENTINO x6	0317	AZIENDA AGRICOLA DURIN	0041	LE MIMOSE	0853	PRIVATE LABEL	0008	VERMENTINO	0003	VAP	0053	CL  75	240	PRIVATE LABEL VINI	300	VINO	321	VINO CONFEZIONATO PL	320	VINO BOTT 75 BCO	0073	LIGURIA
C0UJA	PL VIA D. CERRO PIGNOLETTO BIA FRIZ x6	0655	CHIARLI	0928	V CERRO	0853	PRIVATE LABEL	0231	PIGNOLO	0003	VAP	0053	CL  75	240	PRIVATE LABEL VINI	300	VINO	322	VINO CONFEZIONATO PL	320	VINO BOTT 75 BCO FR	0041	EMILIA
C10AA	IL BARDO DILETTO MODULAR 20 fusto 20L	0440	CARLSBERG	0144	IL BARDO	0937	DILETTO	9100	CI-VINO BARDO	0016	MOD 20	0008	LT   20	226	Fusto ACE II Vino	300	VINO	331	VINO FS GRUPPO CI	330	VINO FS IL BARDO	0056	VENETO
C10AB	IL BARDO RUBECCHIO MODULAR 20 fusto 20L	0440	CARLSBERG	0144	IL BARDO	1012	RUBECCHIO	9100	CI-VINO BARDO	0016	MOD 20	0008	LT   20	226	Fusto ACE II Vino	300	VINO	331	VINO FS GRUPPO CI	330	VINO FS IL BARDO	0056	VENETO
C10AD	PL WEINWEG GEWURZT AA DOC x6	0479	CALDARO SOC. AGR. COOP.	1058	WEINWEG	0853	PRIVATE LABEL	0070	GEWURZTRAMINER	0003	VAP	0053	CL  75	240	PRIVATE LABEL VINI	300	VINO	321	VINO CONFEZIONATO PL	320	VINO BOTT 75 BCO	0029	ALTO ADIGE
C10AE	PL WEINWEG PINOT GRI AA DOC x6	0479	CALDARO SOC. AGR. COOP.	1058	WEINWEG	0853	PRIVATE LABEL	0142	PINOT GRIGIO	0003	VAP	0053	CL  75	240	PRIVATE LABEL VINI	300	VINO	321	VINO CONFEZIONATO PL	320	VINO BOTT 75 BCO	0029	ALTO ADIGE
C10AG	PL WEINWEG CHARDONNAY AA DOC x6	0479	CALDARO SOC. AGR. COOP.	1058	WEINWEG	0853	PRIVATE LABEL	0028	CHARDONNAY	0003	VAP	0053	CL  75	240	PRIVATE LABEL VINI	300	VINO	321	VINO CONFEZIONATO PL	320	VINO BOTT 75 BCO	0029	ALTO ADIGE
C10AI	PL WEINWEG PINOT NERO   AA DOC x6	0479	CALDARO SOC. AGR. COOP.	1058	WEINWEG	0853	PRIVATE LABEL	0031	PINOT NERO	0003	VAP	0053	CL  75	240	PRIVATE LABEL VINI	300	VINO	321	VINO CONFEZIONATO PL	320	VINO BOTT 75 BCO	0029	ALTO ADIGE
C10AL	PL WEINWEG M THURGAU  AA DOC x6	0479	CALDARO SOC. AGR. COOP.	1058	WEINWEG	0853	PRIVATE LABEL	0175	MARZEN	0003	VAP	0053	CL  75	240	PRIVATE LABEL VINI	300	VINO	321	VINO CONFEZIONATO PL	320	VINO BOTT 75 BCO	0029	ALTO ADIGE
C10AN	PL WEINWEG SAUVIGNON   AA DOC x6	0479	CALDARO SOC. AGR. COOP.	1058	WEINWEG	0853	PRIVATE LABEL	0351	SAUVIGNON	0003	VAP	0053	CL  75	240	PRIVATE LABEL VINI	300	VINO	321	VINO CONFEZIONATO PL	320	VINO BOTT 75 BCO	0029	ALTO ADIGE
C10AT	PL NICOSIA FALDE INSOLIA IGT x6	0508	NICOSIA SPA	0194	FALDE	0853	PRIVATE LABEL	0341	INSOLIA	0003	VAP	0053	CL  75	240	PRIVATE LABEL VINI	300	VINO	321	VINO CONFEZIONATO PL	320	VINO BOTT 75 BCO	0024	SICILIA
C10AV	PL VAREJ DOLCETTO D'ALBA x6	0533	FONTANAFREDDA S.R.L.	1050	VAREJ	0853	PRIVATE LABEL	0001	DOLCETTO	0003	VAP	0053	CL  75	240	PRIVATE LABEL VINI	300	VINO	323	VINO CONFEZIONATO PL	320	VINO BOTT 75 RSO	0012	PIEMONTE
C11AB	PL HUMAR RIBOLLA GIALLA COLLIO x6	0220	C&C SRL	1060	HUMAR	0853	PRIVATE LABEL	0047	RIBOLLA GIALLA	0003	VAP	0053	CL  75	240	PRIVATE LABEL VINI	300	VINO	321	VINO CONFEZIONATO PL	320	VINO BOTT 75 BCO	0023	FRIULI COLLIO
C11AC	PL HUMAR PINOT GRIGIO COLLIO x6	0220	C&C SRL	1060	HUMAR	0853	PRIVATE LABEL	0142	PINOT GRIGIO	0003	VAP	0053	CL  75	240	PRIVATE LABEL VINI	300	VINO	321	VINO CONFEZIONATO PL	320	VINO BOTT 75 BCO	0023	FRIULI COLLIO
C11AD	PL HUMAR CHARDONNAY COLLIO x6	0220	C&C SRL	1060	HUMAR	0853	PRIVATE LABEL	0028	CHARDONNAY	0003	VAP	0053	CL  75	240	PRIVATE LABEL VINI	300	VINO	321	VINO CONFEZIONATO PL	320	VINO BOTT 75 BCO	0023	FRIULI COLLIO
C11AE	PL HUMAR MERLOT COLLIO x6	0220	C&C SRL	1060	HUMAR	0853	PRIVATE LABEL	0226	MERLOT	0003	VAP	0053	CL  75	240	PRIVATE LABEL VINI	300	VINO	323	VINO CONFEZIONATO PL	320	VINO BOTT 75 RSO	0023	FRIULI COLLIO
C11AF	PL HUMAR CABERNET FRANC COLLIO x6	0220	C&C SRL	1060	HUMAR	0853	PRIVATE LABEL	0030	CABERNET FRANC	0003	VAP	0053	CL  75	240	PRIVATE LABEL VINI	300	VINO	323	VINO CONFEZIONATO PL	320	VINO BOTT 75 RSO	0023	FRIULI COLLIO
C11AG	PL HUMAR SAUVIGNON COLLIO x6	0220	C&C SRL	1060	HUMAR	0853	PRIVATE LABEL	0351	SAUVIGNON	0003	VAP	0053	CL  75	240	PRIVATE LABEL VINI	300	VINO	321	VINO CONFEZIONATO PL	320	VINO BOTT 75 BCO	0023	FRIULI COLLIO
C11AR	VICOBAR PINOT N V BCO PANDORA DOC x6	0531	CANT. SOC. COOP. VICOBARONE	0721	VICOBARONE	0692	VICOBARONE	0073	PINOT NERO VB	0003	VAP	0053	CL  75	160	Vap	300	VINO	311	VINO CONFEZIONATO	310	VINO BOTT 75 BCO	0059	LOMBARDIA OLTREPO' PAVESE
C11AS	PL HUMAR FRIULANO COLLIO x6	0220	C&C SRL	1060	HUMAR	0853	PRIVATE LABEL	0133	FRIULANO	0003	VAP	0053	CL  75	240	PRIVATE LABEL VINI	300	VINO	321	VINO CONFEZIONATO PL	320	VINO BOTT 75 BCO	0023	FRIULI COLLIO
C12AB	PL T CAPITELLI RIPASSO VALP CLA DOC x6	0035	CANTINA VALPOLICELLA NEGRAR	1065	TERRE DEI CAPITELLI	0853	PRIVATE LABEL	0331	RIPASSA	0003	VAP	0053	CL  75	240	PRIVATE LABEL VINI	300	VINO	323	VINO CONFEZIONATO PL	320	VINO BOTT 75 RSO	0056	VENETO
C12AC	PL T CAPITELLI AMARONE CL VALP DOC x1	0035	CANTINA VALPOLICELLA NEGRAR	1065	TERRE DEI CAPITELLI	0853	PRIVATE LABEL	0279	AMARONE	0003	VAP	0053	CL  75	240	PRIVATE LABEL VINI	300	VINO	323	VINO CONFEZIONATO PL	320	VINO BOTT 75 RSO	0056	VENETO
C12AD	PL T CAPITELLI BIANCO DI CUSTOZA DOC x6	0035	CANTINA VALPOLICELLA NEGRAR	1065	TERRE DEI CAPITELLI	0853	PRIVATE LABEL	0123	CUSTOZA	0003	VAP	0053	CL  75	240	PRIVATE LABEL VINI	300	VINO	321	VINO CONFEZIONATO PL	320	VINO BOTT 75 BCO	0056	VENETO
C12AE	PL T CAPITELL VALPOLICELLA CL SUP DOC x6	0035	CANTINA VALPOLICELLA NEGRAR	1065	TERRE DEI CAPITELLI	0853	PRIVATE LABEL	0009	VALPOLICELLA	0003	VAP	0053	CL  75	240	PRIVATE LABEL VINI	300	VINO	323	VINO CONFEZIONATO PL	320	VINO BOTT 75 RSO	0056	VENETO
C12AF	PL T CAPITELLI SOAVE CLASSICO DOC x6	0035	CANTINA VALPOLICELLA NEGRAR	1065	TERRE DEI CAPITELLI	0853	PRIVATE LABEL	0134	SOAVE	0003	VAP	0053	CL  75	240	PRIVATE LABEL VINI	300	VINO	321	VINO CONFEZIONATO PL	320	VINO BOTT 75 BCO	0056	VENETO
C12BA	PL FAVILLA GRECHETTO IGP x6	0157	CANTINE BETTONA SOC.AGR.COOP.	1072	FAVILLA	0853	PRIVATE LABEL	0268	GRECHETTO	0003	VAP	0053	CL  75	240	PRIVATE LABEL VINI	300	VINO	321	VINO CONFEZIONATO PL	320	VINO BOTT 75 BCO	0067	UMBRIA
C12BB	PL FAVILLA TREBBIANO IGP x6	0157	CANTINE BETTONA SOC.AGR.COOP.	1072	FAVILLA	0853	PRIVATE LABEL	0117	TREBBIANO	0003	VAP	0053	CL  75	240	PRIVATE LABEL VINI	300	VINO	321	VINO CONFEZIONATO PL	320	VINO BOTT 75 BCO	0067	UMBRIA
C12BC	PL FAVILLA SANGIOVESE IGP x6	0157	CANTINE BETTONA SOC.AGR.COOP.	1072	FAVILLA	0853	PRIVATE LABEL	0340	SANGIOVESE	0003	VAP	0053	CL  75	240	PRIVATE LABEL VINI	300	VINO	323	VINO CONFEZIONATO PL	320	VINO BOTT 75 RSO	0067	UMBRIA
C12BD	PL FAVILLA CHARDONNAY IGP x6	0157	CANTINE BETTONA SOC.AGR.COOP.	1072	FAVILLA	0853	PRIVATE LABEL	0028	CHARDONNAY	0003	VAP	0053	CL  75	240	PRIVATE LABEL VINI	300	VINO	321	VINO CONFEZIONATO PL	320	VINO BOTT 75 BCO	0067	UMBRIA
C12BJ	PL PAVONERO CHIANTI COLLI SEN DOCGX6	0102	SOCIETA' COOP. AGRICOLTORI DEL	1067	PAVONIERE	0853	PRIVATE LABEL	0081	CHIANTI	0003	VAP	0053	CL  75	240	PRIVATE LABEL VINI	300	VINO	323	VINO CONFEZIONATO PL	320	VINO BOTT 75 RSO	0009	TOSCANA
C12BL	PL PAVONIERE MORELLINO SCANS DOCGX6	0102	SOCIETA' COOP. AGRICOLTORI DEL	1067	PAVONIERE	0853	PRIVATE LABEL	0340	SANGIOVESE	0003	VAP	0053	CL  75	240	PRIVATE LABEL VINI	300	VINO	323	VINO CONFEZIONATO PL	320	VINO BOTT 75 RSO	0009	TOSCANA
C12BM	PL TERRE DI RICALCO SANGIOVESE X6	0646	AZ. AGRICOLA FALESCO	1052	TERRE DI RICALCO	0853	PRIVATE LABEL	0340	SANGIOVESE	0003	VAP	0053	CL  75	240	PRIVATE LABEL VINI	300	VINO	323	VINO CONFEZIONATO PL	320	VINO BOTT 75 RSO	0032	UMBRA
C12BN	PL TERRE DI RICALCO EST EST EST X6	0646	AZ. AGRICOLA FALESCO	1052	TERRE DI RICALCO	0853	PRIVATE LABEL	0028	CHARDONNAY	0003	VAP	0053	CL  75	240	PRIVATE LABEL VINI	300	VINO	321	VINO CONFEZIONATO PL	320	VINO BOTT 75 BCO	0032	UMBRA
C12BO	PL TERRE DEL SOLE AGLIANICO DOCx6	0194	CANTINE DI TUFO SNC	0076	TERRE DEL SOLE	0853	PRIVATE LABEL	0302	AGLIANICO	0003	VAP	0053	CL  75	240	PRIVATE LABEL VINI	300	VINO	321	VINO CONFEZIONATO PL	320	VINO BOTT 75 BCO	0034	CAMPANIA
C12BP	PL TERRE DEL SOLE FALANGH DOCx6	0194	CANTINE DI TUFO SNC	0076	TERRE DEL SOLE	0853	PRIVATE LABEL	0214	FALANGHINA	0003	VAP	0053	CL  75	240	PRIVATE LABEL VINI	300	VINO	321	VINO CONFEZIONATO PL	320	VINO BOTT 75 BCO	0034	CAMPANIA
C12BW	PL VITTI PRIMITIVO DI MANDURIA x6	0389	FEUDI DI SAN MARZANO SRL	1074	VITTI	0853	PRIVATE LABEL	0119	PRIMITIVO	0003	VAP	0053	CL  75	240	PRIVATE LABEL VINI	300	VINO	323	VINO CONFEZIONATO PL	320	VINO BOTT 75 RSO	0068	PUGLIA
C12BX	PL ARESTIDU CANNONAU DOC X6	0007	CANTINA SOC. VERMENTINO SCRL	1071	ARESTIDU	0853	PRIVATE LABEL	0308	CANNONAU	0003	VAP	0053	CL  75	240	PRIVATE LABEL VINI	300	VINO	323	VINO CONFEZIONATO PL	320	VINO BOTT 75 RSO	0006	SARDEGNA
C12BZ	PL MASEDU VERMENT GALLURA DOCG X6	0007	CANTINA SOC. VERMENTINO SCRL	1071	ARESTIDU	0853	PRIVATE LABEL	0008	VERMENTINO	0003	VAP	0053	CL  75	240	PRIVATE LABEL VINI	300	VINO	321	VINO CONFEZIONATO PL	320	VINO BOTT 75 BCO	0006	SARDEGNA
C12CB	PL VAREJ NEBBIOLO DOC MAGNUM 150X1	0533	FONTANAFREDDA S.R.L.	1050	VAREJ	0853	PRIVATE LABEL	0051	NEBBIOLO	0003	VAP	0025	CL 150	240	PRIVATE LABEL VINI	300	VINO	329	VINO CONFEZIONATO PL	320	PRIVATE LABEL	0012	PIEMONTE
C12CC	PL VITTI PRIMITIVO MANDURIA MAGNUM 150X1	0389	FEUDI DI SAN MARZANO SRL	1074	VITTI	0853	PRIVATE LABEL	0119	PRIMITIVO	0003	VAP	0025	CL 150	240	PRIVATE LABEL VINI	300	VINO	329	VINO CONFEZIONATO PL	320	PRIVATE LABEL	0068	PUGLIA
C12CJ	PL VITTI FIANO SALENTO IGIP x6	0389	FEUDI DI SAN MARZANO SRL	1074	VITTI	0853	PRIVATE LABEL	0347	FIANO	0003	VAP	0044	CL 100	240	PRIVATE LABEL VINI	300	VINO	321	VINO CONFEZIONATO PL	320	VINO BOTT 75 BCO	0068	PUGLIA
C12CL	PL VITTI NEGROAM SALEN IGT x6	0389	FEUDI DI SAN MARZANO SRL	1074	VITTI	0853	PRIVATE LABEL	0173	NEGROAMARO	0003	VAP	0044	CL 100	240	PRIVATE LABEL VINI	300	VINO	323	VINO CONFEZIONATO PL	320	VINO BOTT 75 RSO	0068	PUGLIA
C12CM	PL VITTI MALVASIA NERA IGT x6	0389	FEUDI DI SAN MARZANO SRL	1074	VITTI	0853	PRIVATE LABEL	0153	MALVASIA NERA	0003	VAP	0044	CL 100	240	PRIVATE LABEL VINI	300	VINO	323	VINO CONFEZIONATO PL	320	VINO BOTT 75 RSO	0068	PUGLIA
C12CN	PL VITTI NEGROAM SALEN ROSATO IGT x6	0389	FEUDI DI SAN MARZANO SRL	1074	VITTI	0853	PRIVATE LABEL	0173	NEGROAMARO	0003	VAP	0044	CL 100	240	PRIVATE LABEL VINI	300	VINO	323	VINO CONFEZIONATO PL	320	VINO BOTT 75 RSO	0068	PUGLIA
C12CQ	PL VIGNANA NERO D'AVOLA X6	0551	PIROVANO	0770	VIGNANA	0853	PRIVATE LABEL	0234	NERO D'AVOLA	0003	VAP	0053	CL  75	240	PRIVATE LABEL VINI	300	VINO	323	VINO CONFEZIONATO PL	320	VINO BOTT 75 RSO	0024	SICILIA
C12CY	PL TERRA E VENTO IS NURAGHI BIANCO IGTx6	0007	CANTINA SOC. VERMENTINO SCRL	1083	TERRE E VENTO	0853	PRIVATE LABEL	0008	VERMENTINO	0003	VAP	0053	CL  75	240	PRIVATE LABEL VINI	300	VINO	321	VINO CONFEZIONATO PL	320	VINO BOTT 75 BCO	0006	SARDEGNA
C12CZ	PL TERRA E VENTO IS NURAGHI ROSSO IGTx6	0007	CANTINA SOC. VERMENTINO SCRL	1083	TERRE E VENTO	0853	PRIVATE LABEL	0008	VERMENTINO	0003	VAP	0053	CL  75	240	PRIVATE LABEL VINI	300	VINO	323	VINO CONFEZIONATO PL	320	VINO BOTT 75 RSO	0006	SARDEGNA
C12DB	PL VAREJ BARBARESCO DOCG X1	0533	FONTANAFREDDA S.R.L.	1050	VAREJ	0853	PRIVATE LABEL	0262	BARBARESCO	0003	VAP	0053	CL  75	240	PRIVATE LABEL VINI	300	VINO	329	VINO CONFEZIONATO PL	320	PRIVATE LABEL	0012	PIEMONTE
C12DC	PL SOFIO PECORINO MARCHE DOC X6	0657	VELENOSI	1084	SOFIO	0853	PRIVATE LABEL	0372	PECORINO	0003	VAP	0053	CL  75	240	PRIVATE LABEL VINI	300	VINO	321	VINO CONFEZIONATO PL	320	VINO BOTT 75 BCO	0047	MARCHE
C12DD	PL SOFIO VERDICCHIO JESI DOC X6	0657	VELENOSI	1084	SOFIO	0853	PRIVATE LABEL	0082	VERDICCHIO	0003	VAP	0053	CL  75	240	PRIVATE LABEL VINI	300	VINO	321	VINO CONFEZIONATO PL	320	VINO BOTT 75 BCO	0047	MARCHE
C12DE	PL SOFIO MONTEPULCIANO D'ABRUZZO DOC X6	0657	VELENOSI	1084	SOFIO	0853	PRIVATE LABEL	0319	MONTEPULCIANO	0003	VAP	0053	CL  75	240	PRIVATE LABEL VINI	300	VINO	323	VINO CONFEZIONATO PL	320	VINO BOTT 75 RSO	0015	ABRUZZO
C12DF	PL SOFIO PASSERINA MARCHE IGT X6	0657	VELENOSI	1084	SOFIO	0853	PRIVATE LABEL	0013	PASSERINA	0003	VAP	0053	CL  75	240	PRIVATE LABEL VINI	300	VINO	321	VINO CONFEZIONATO PL	320	VINO BOTT 75 BCO	0047	MARCHE
C12DG	PL ANFORIO MORELLINO SCANSANO DOC X 6	0230	AMBROGIO E GIOVANNI FOLONARI	1085	ANFORIO	0853	PRIVATE LABEL	0192	MORELLINO	0003	VAP	0053	CL  75	240	PRIVATE LABEL VINI	300	VINO	323	VINO CONFEZIONATO PL	320	VINO BOTT 75 RSO	0009	TOSCANA
C12DH	PL ANFORIO CHIANTI CLASSICO DOCG X 6	0230	AMBROGIO E GIOVANNI FOLONARI	1085	ANFORIO	0853	PRIVATE LABEL	0081	CHIANTI	0003	VAP	0053	CL  75	240	PRIVATE LABEL VINI	300	VINO	323	VINO CONFEZIONATO PL	320	VINO BOTT 75 RSO	0009	TOSCANA
C12DI	PL ANFORIO BOLGHERI ROSSO  X 6	0230	AMBROGIO E GIOVANNI FOLONARI	1085	ANFORIO	0853	PRIVATE LABEL	0299	CABERNET	0003	VAP	0053	CL  75	240	PRIVATE LABEL VINI	300	VINO	323	VINO CONFEZIONATO PL	320	VINO BOTT 75 RSO	0009	TOSCANA
C12DJ	PL ANFORIO BOLGHERI ROSSO MAGNUM 150 X 1	0230	AMBROGIO E GIOVANNI FOLONARI	1085	ANFORIO	0853	PRIVATE LABEL	0299	CABERNET	0003	VAP	0025	CL 150	240	PRIVATE LABEL VINI	300	VINO	323	VINO CONFEZIONATO PL	320	VINO BOTT 75 RSO	0009	TOSCANA
C12DK	PL ANFORIO NOBILE MONTEPULCIANO  X 6	0230	AMBROGIO E GIOVANNI FOLONARI	1085	ANFORIO	0853	PRIVATE LABEL	0045	NOBILE MONTEPULCIANO	0003	VAP	0053	CL  75	240	PRIVATE LABEL VINI	300	VINO	323	VINO CONFEZIONATO PL	320	VINO BOTT 75 RSO	0009	TOSCANA
C12DP	VERDUZZO GLERA fusto 25L	0440	CARLSBERG	0144	IL BARDO	0071	GLERA	9100	CI-VINO BARDO	0007	FUSTO	0013	LT   25	220	Fusto	300	VINO	331	VINO FS GRUPPO CI	330	VINO FS IL BARDO	0056	VENETO
C12DQ	VERDUZZO GLERA MODULAR 20 fusto 20L	0440	CARLSBERG	0144	IL BARDO	0071	GLERA	9100	CI-VINO BARDO	0016	MOD 20	0008	LT   20	226	Fusto ACE II Vino	300	VINO	331	VINO FS GRUPPO CI	330	VINO FS IL BARDO	0056	VENETO
C13AF	PL PASSONERO ROSSO IGTx6	0388	SENSI VIGNE E VINI SRL	1095	PASSONERO	0853	PRIVATE LABEL	0109	ROSSO DA TAVOLA	0003	VAP	0053	CL  75	240	PRIVATE LABEL VINI	300	VINO	323	VINO CONFEZIONATO PL	320	VINO BOTT 75 RSO	0009	TOSCANA
C13AH	PL PASSONERO MORELLINO DI SCANSANODOCGx6	0388	SENSI VIGNE E VINI SRL	1095	PASSONERO	0853	PRIVATE LABEL	0192	MORELLINO	0003	VAP	0053	CL  75	240	PRIVATE LABEL VINI	300	VINO	323	VINO CONFEZIONATO PL	320	VINO BOTT 75 RSO	0009	TOSCANA
C13AI	PL PASSONERO CHIANTI COLLI SENESI DOCGx6	0388	SENSI VIGNE E VINI SRL	1095	PASSONERO	0853	PRIVATE LABEL	0081	CHIANTI	0003	VAP	0053	CL  75	240	PRIVATE LABEL VINI	300	VINO	323	VINO CONFEZIONATO PL	320	VINO BOTT 75 RSO	0009	TOSCANA
C15AK	PL FAVILLA MONTEFALCO ROSSO x6	0355	FONGOLI SOCIETA' AGRICOLA S.S.	1072	FAVILLA	0853	PRIVATE LABEL	0340	SANGIOVESE	0003	VAP	0053	CL  75	240	PRIVATE LABEL VINI	300	VINO	323	VINO CONFEZIONATO PL	320	VINO BOTT 75 RSO	0067	UMBRIA
C16AI	IL BARDO GARGANEGA GLERA MOD 20 FS 20L	0440	CARLSBERG	0144	IL BARDO	0071	GLERA	9100	CI-VINO BARDO	0016	MOD 20	0008	LT   20	226	Fusto ACE II Vino	300	VINO	331	VINO FS GRUPPO CI	330	VINO FS IL BARDO	0056	VENETO
C16AJ	PL VIGNANA GARDA DOC GARGANCA PINOT G x6	0551	PIROVANO	0770	VIGNANA	0853	PRIVATE LABEL	0131	GARGANEGA	0003	VAP	0053	CL  75	240	PRIVATE LABEL VINI	300	VINO	321	VINO CONFEZIONATO PL	320	VINO BOTT 75 BCO	0056	VENETO
C16AK	PL VIGNANA NERO D'AVOLA DOC x6	0551	PIROVANO	0770	VIGNANA	0853	PRIVATE LABEL	0234	NERO D'AVOLA	0003	VAP	0053	CL  75	240	PRIVATE LABEL VINI	300	VINO	323	VINO CONFEZIONATO PL	320	VINO BOTT 75 RSO	0024	SICILIA
C16AL	PL VIGNANA MERLOT VARIETALE ITALIA x6	0551	PIROVANO	0770	VIGNANA	0853	PRIVATE LABEL	0226	MERLOT	0003	VAP	0053	CL  75	240	PRIVATE LABEL VINI	300	VINO	323	VINO CONFEZIONATO PL	320	VINO BOTT 75 RSO	0056	VENETO
C1KXA	PL VIGNANA GAVI BCOX6	0449	BERGAGLIO PIERCARLO	0770	VIGNANA	0853	PRIVATE LABEL	0267	GAVI	0003	VAP	0053	CL  75	240	PRIVATE LABEL VINI	300	VINO	321	VINO CONFEZIONATO PL	320	VINO BOTT 75 BCO	0012	PIEMONTE
C1KYA	PL VIGNANA ROERO ARNEIS x6	0459	LUCA ABRATE SRL	0770	VIGNANA	0853	PRIVATE LABEL	0041	ARNEIS	0003	VAP	0053	CL  75	240	PRIVATE LABEL VINI	300	VINO	321	VINO CONFEZIONATO PL	320	VINO BOTT 75 BCO	0012	PIEMONTE
C1PCA	IL BARDO RUBECCHIO VDT fusto 25L	0440	CARLSBERG	0144	IL BARDO	1012	RUBECCHIO	9100	CI-VINO BARDO	0007	FUSTO	0013	LT   25	220	Fusto	300	VINO	331	VINO FS GRUPPO CI	330	VINO FS IL BARDO	0056	VENETO
C23CA	PL LIGNANA BARBERA MONFTO x12	0066	CANTINA VALLEBELBO SOC COOP AGRICOLA	0306	LIGNANA	0853	PRIVATE LABEL	0035	BARBERA	0003	VAP	0053	CL  75	240	PRIVATE LABEL VINI	300	VINO	323	VINO CONFEZIONATO PL	320	VINO BOTT 75 RSO	0012	PIEMONTE
C23CC	PL VIGNANA DOLCETTO MONFERRATO DOC x6	0066	CANTINA VALLEBELBO SOC COOP AGRICOLA	0770	VIGNANA	0853	PRIVATE LABEL	0001	DOLCETTO	0003	VAP	0053	CL  75	240	PRIVATE LABEL VINI	300	VINO	323	VINO CONFEZIONATO PL	320	VINO BOTT 75 RSO	0012	PIEMONTE
C23CD	PL VIGNANA BARBERA ASTI DOCG x6	0066	CANTINA VALLEBELBO SOC COOP AGRICOLA	0770	VIGNANA	0853	PRIVATE LABEL	0035	BARBERA	0003	VAP	0053	CL  75	240	PRIVATE LABEL VINI	300	VINO	323	VINO CONFEZIONATO PL	320	VINO BOTT 75 RSO	0012	PIEMONTE
C23DB	PL VIGNANA BONARDA DOC x 6	0595	LOSITO & GUARINI S.R.L.	0770	VIGNANA	0853	PRIVATE LABEL	0193	BONARDA	0003	VAP	0053	CL  75	240	PRIVATE LABEL VINI	300	VINO	323	VINO CONFEZIONATO PL	320	VINO BOTT 75 RSO	0019	LOMBARDIA
C2KMA	PL VIA DEL CERRO LAMBR SEC x6	0655	CHIARLI	0928	V CERRO	0853	PRIVATE LABEL	0361	LAMBRUSCO	0003	VAP	0053	CL  75	240	PRIVATE LABEL VINI	300	VINO	323	VINO CONFEZIONATO PL	320	VINO BOTT 75 RSO	0042	ROMAGNA
C2KNA	PL VIA DEL CERRO LAMBR AMAB x6	0655	CHIARLI	0928	V CERRO	0853	PRIVATE LABEL	0361	LAMBRUSCO	0003	VAP	0053	CL  75	240	PRIVATE LABEL VINI	300	VINO	323	VINO CONFEZIONATO PL	320	VINO BOTT 75 RSO	0042	ROMAGNA
C2KUM	PL VAREJ BARBERA D'ALBA DOC X6	0533	FONTANAFREDDA S.R.L.	1050	VAREJ	0853	PRIVATE LABEL	0035	BARBERA	0003	VAP	0053	CL  75	240	PRIVATE LABEL VINI	300	VINO	323	VINO CONFEZIONATO PL	320	VINO BOTT 75 RSO	0012	PIEMONTE
C2KUN	PL VAREJ BAROLO DOCG X1	0533	FONTANAFREDDA S.R.L.	1050	VAREJ	0853	PRIVATE LABEL	0211	BAROLO	0003	VAP	0053	CL  75	240	PRIVATE LABEL VINI	300	VINO	323	VINO CONFEZIONATO PL	320	VINO BOTT 75 RSO	0012	PIEMONTE
C2KUO	PL NICOSIA FALDE NERO D'AVOLA X6	0508	NICOSIA SPA	0194	FALDE	0853	PRIVATE LABEL	0234	NERO D'AVOLA	0003	VAP	0053	CL  75	240	PRIVATE LABEL VINI	300	VINO	323	VINO CONFEZIONATO PL	320	VINO BOTT 75 RSO	0024	SICILIA
C2KUP	PL VAREJ MOSCATO D'ASTI DOCG X6	0533	FONTANAFREDDA S.R.L.	1050	VAREJ	0853	PRIVATE LABEL	0205	MOSCATO	0003	VAP	0053	CL  75	240	PRIVATE LABEL VINI	300	VINO	321	VINO CONFEZIONATO PL	320	VINO BOTT 75 BCO	0012	PIEMONTE
C2KUQ	PL VAREJ NEBBIOLO LANGHE DOC X6	0533	FONTANAFREDDA S.R.L.	1050	VAREJ	0853	PRIVATE LABEL	0051	NEBBIOLO	0003	VAP	0053	CL  75	240	PRIVATE LABEL VINI	300	VINO	323	VINO CONFEZIONATO PL	320	VINO BOTT 75 RSO	0012	PIEMONTE
C2S2A	PL VIA D. CERRO SANGIOV DOC ROMAGNA x6	0655	CHIARLI	0928	V CERRO	0853	PRIVATE LABEL	0340	SANGIOVESE	0003	VAP	0053	CL  75	240	PRIVATE LABEL VINI	300	VINO	323	VINO CONFEZIONATO PL	320	VINO BOTT 75 RSO	0042	ROMAGNA
C391A	PL S MARZANO NEGROAM SALEN IGTx6	0389	FEUDI DI SAN MARZANO SRL	0382	SANMARZANO	0853	PRIVATE LABEL	0173	NEGROAMARO	0003	VAP	0053	CL  75	240	PRIVATE LABEL VINI	300	VINO	323	VINO CONFEZIONATO PL	320	VINO BOTT 75 RSO	0068	PUGLIA
C392A	PL S MARZANO PRIMITIVO MAND DOCx6	0389	FEUDI DI SAN MARZANO SRL	0382	SANMARZANO	0853	PRIVATE LABEL	0119	PRIMITIVO	0003	VAP	0053	CL  75	240	PRIVATE LABEL VINI	300	VINO	323	VINO CONFEZIONATO PL	320	VINO BOTT 75 RSO	0068	PUGLIA
C8BRA	PL VIGNAROLO BIANCO VP 150 x6	0124	CANTINE PIROVANO SAS	0770	VIGNANA	0853	PRIVATE LABEL	0348	UVAGGIO	0003	VAP	0025	CL 150	240	PRIVATE LABEL VINI	300	VINO	329	VINO CONFEZIONATO PL	320	PRIVATE LABEL	0027	italia
C8BSA	PL VIGNAROLO ROSSO VP 150 x6	0124	CANTINE PIROVANO SAS	0770	VIGNANA	0853	PRIVATE LABEL	0348	UVAGGIO	0003	VAP	0025	CL 150	240	PRIVATE LABEL VINI	300	VINO	329	VINO CONFEZIONATO PL	320	PRIVATE LABEL	0027	italia
C8CLA	PL VIA AUGUSTEA MULLER THURGAU VDD IGTX6	059	CONCILIO SPA	1048	VIA AUGUSTEA	0853	PRIVATE LABEL	0165	MULLER THURGAU	0003	VAP	0053	CL  75	240	PRIVATE LABEL VINI	300	VINO	321	VINO CONFEZIONATO PL	320	VINO BOTT 75 BCO	0065	TRENTINO
C8CLB	PL VIA AUGUSTEA MULLER THRGAU FRIZ IGTx6	059	CONCILIO SPA	1048	VIA AUGUSTEA	0853	PRIVATE LABEL	0215	MULLER THURGAU FRIZZANTE	0003	VAP	0053	CL  75	240	PRIVATE LABEL VINI	300	VINO	321	VINO CONFEZIONATO PL	320	VINO BOTT 75 BCO	0065	TRENTINO
C8CLC	PL VIA AUGUSTEA GEWURZTRAMINER TRENTINO	059	CONCILIO SPA	1048	VIA AUGUSTEA	0853	PRIVATE LABEL	0070	GEWURZTRAMINER	0003	VAP	0053	CL  75	240	PRIVATE LABEL VINI	300	VINO	321	VINO CONFEZIONATO PL	320	VINO BOTT 75 BCO	0065	TRENTINO
C8CLD	PL VIA AUGUSTEA PINOT GRIGIO 375x12	059	CONCILIO SPA	1048	VIA AUGUSTEA	0853	PRIVATE LABEL	0172	LIMONE	0003	VAP	0069	CL  37,5	240	PRIVATE LABEL VINI	300	VINO	319	VINO CONFEZIONATO PL	320	VINO BOTT ALTRO VAP	0065	TRENTINO
C8CLE	PL VIA AUGUSTEA PINOT GRIGIO  VDD IGT X6	059	CONCILIO SPA	1048	VIA AUGUSTEA	0853	PRIVATE LABEL	0142	PINOT GRIGIO	0003	VAP	0053	CL  75	240	PRIVATE LABEL VINI	300	VINO	321	VINO CONFEZIONATO PL	320	VINO BOTT 75 BCO	0065	TRENTINO
C8CLI	PL VIA AUGUSTEA  TEROLDEGO VDD  IGT X6	059	CONCILIO SPA	1048	VIA AUGUSTEA	0853	PRIVATE LABEL	0155	TEROLDEGO	0003	VAP	0053	CL  75	240	PRIVATE LABEL VINI	300	VINO	323	VINO CONFEZIONATO PL	320	VINO BOTT 75 RSO	0065	TRENTINO
C8CLL	PL VIA AUGUSTEA MULLER THURGAU 375 x 12	059	CONCILIO SPA	1048	VIA AUGUSTEA	0853	PRIVATE LABEL	0165	MULLER THURGAU	0003	VAP	0069	CL  37,5	240	PRIVATE LABEL VINI	300	VINO	319	VINO CONFEZIONATO PL	320	VINO BOTT ALTRO VAP	0065	TRENTINO
C9SCA	PL TERRE DEL SOLE FIANO AV DOCG x6	0194	CANTINE DI TUFO SNC	0076	TERRE DEL SOLE	0853	PRIVATE LABEL	0347	FIANO	0003	VAP	0053	CL  75	240	PRIVATE LABEL VINI	300	VINO	321	VINO CONFEZIONATO PL	320	VINO BOTT 75 BCO	0034	CAMPANIA
C9SDA	PL TERRE DEL SOLE GRECO DOCG x6	0194	CANTINE DI TUFO SNC	0076	TERRE DEL SOLE	0853	PRIVATE LABEL	0010	GRECO	0003	VAP	0053	CL  75	240	PRIVATE LABEL VINI	300	VINO	321	VINO CONFEZIONATO PL	320	VINO BOTT 75 BCO	0034	CAMPANIA
C9YMA	PL FAVILLA SAGRANTINO DOCG x1	0355	FONGOLI SOCIETA' AGRICOLA S.S.	1072	FAVILLA	0853	PRIVATE LABEL	0249	SAGRANTINO	0003	VAP	0053	CL  75	240	PRIVATE LABEL VINI	300	VINO	323	VINO CONFEZIONATO PL	320	VINO BOTT 75 RSO	0067	UMBRIA
C9YNA	PL FAVILLA MONTEFALCO ROSSO x1	0355	FONGOLI SOCIETA' AGRICOLA S.S.	1072	FAVILLA	0853	PRIVATE LABEL	0340	SANGIOVESE	0003	VAP	0053	CL  75	240	PRIVATE LABEL VINI	300	VINO	323	VINO CONFEZIONATO PL	320	VINO BOTT 75 RSO	0067	UMBRIA
C9ZZF	PL VIGNANA CHARDONNAY VENETO FRIZ IGT x6	0124	CANTINE PIROVANO SAS	0770	VIGNANA	0853	PRIVATE LABEL	0232	CHARDONNAY FRIZZANTE	0003	VAP	0053	CL  75	240	PRIVATE LABEL VINI	300	VINO	321	VINO CONFEZIONATO PL	320	VINO BOTT 75 BCO	0056	VENETO
C9ZZG	PL VIGNANA PINOT GRIGIO GARGANEGA IGT x	0124	CANTINE PIROVANO SAS	0770	VIGNANA	0853	PRIVATE LABEL	0131	GARGANEGA	0003	VAP	0053	CL  75	240	PRIVATE LABEL VINI	300	VINO	321	VINO CONFEZIONATO PL	320	VINO BOTT 75 BCO	0056	VENETO
C9ZZH	PL VIGNANA MERLOT IGT x6	0124	CANTINE PIROVANO SAS	0770	VIGNANA	0853	PRIVATE LABEL	0226	MERLOT	0003	VAP	0053	CL  75	240	PRIVATE LABEL VINI	300	VINO	323	VINO CONFEZIONATO PL	320	VINO BOTT 75 RSO	0056	VENETO
C9ZZI	PL VIGNANA MONTEPULCIANO ABRUZZO DOC x6	0124	CANTINE PIROVANO SAS	0770	VIGNANA	0853	PRIVATE LABEL	0319	MONTEPULCIANO	0003	VAP	0053	CL  75	240	PRIVATE LABEL VINI	300	VINO	323	VINO CONFEZIONATO PL	320	VINO BOTT 75 RSO	0015	ABRUZZO
C9ZZL	PL VIA AUGUSTEA PINOT NERO x6	059	CONCILIO SPA	1048	VIA AUGUSTEA	0853	PRIVATE LABEL	0031	PINOT NERO	0003	VAP	0053	CL  75	240	PRIVATE LABEL VINI	300	VINO	323	VINO CONFEZIONATO PL	320	VINO BOTT 75 RSO	0029	ALTO ADIGE
C9ZZQ	PL MAYA LUGANA DOC x6	0649	OTTELLA AZ. AGRICOLA	1057	MAYA	0853	PRIVATE LABEL	0089	LUGANA	0003	VAP	0053	CL  75	240	PRIVATE LABEL VINI	300	VINO	321	VINO CONFEZIONATO PL	320	VINO BOTT 75 BCO	0019	LOMBARDIA
C9ZZR	PL VIA AUGUSTEA PINOT NERO MAGNUM150x1	059	CONCILIO SPA	1048	VIA AUGUSTEA	0853	PRIVATE LABEL	0031	PINOT NERO	0003	VAP	0025	CL 150	240	PRIVATE LABEL VINI	300	VINO	329	VINO CONFEZIONATO PL	320	PRIVATE LABEL	0029	ALTO ADIGE
C9ZZT	BIANCO VENETO FRIZZANTE FUSTO 25 L	0440	CARLSBERG	0144	IL BARDO	0644	VERDUZZO	0260	VERDUZZO	0007	FUSTO	0013	LT   25	220	Fusto	300	VINO	331	VINO FS GRUPPO CI	330	VINO FS IL BARDO	0056	VENETO
C9ZZZ	IL BARDO CESELLO MODULAR 20 fusto 20L	0440	CARLSBERG	0144	IL BARDO	0321	CESELLO	9100	CI-VINO BARDO	0016	MOD 20	0008	LT   20	226	Fusto ACE II Vino	300	VINO	331	VINO FS GRUPPO CI	330	VINO FS IL BARDO	0056	VENETO
D08LA	PL VIGNANA PROSECCO EX DRY DOC X6	0554	SERENA	0770	VIGNANA	0853	PRIVATE LABEL	0127	PROSECCO	0003	VAP	0053	CL  75	242	PRIVATE LABEL SPUM	300	VINO	32C	VINO CONFEZIONATO PL	320	SPUMANTI	0056	VENETO
D08NC	PL VIGNANA SPUM PINOT CHARD x6	0554	SERENA	0770	VIGNANA	0853	PRIVATE LABEL	0163	PINOT CHARDONNAY	0003	VAP	0053	CL  75	242	PRIVATE LABEL SPUM	300	VINO	32C	VINO CONFEZIONATO PL	320	SPUMANTI	0056	VENETO
D0AJC	PL VAREJ ASTI DOCG SPUM DOLCE X 6	0533	FONTANAFREDDA S.R.L.	1050	VAREJ	0853	PRIVATE LABEL	0110	ASTI	0003	VAP	0053	CL  75	242	PRIVATE LABEL SPUM	300	VINO	32C	VINO CONFEZIONATO PL	320	SPUMANTI	0012	PIEMONTE
D0ALA	PL IL COLLE PROSECCO DOCG X6	0018	AZIENDA VITIVINICOLA IL COLLE S.r.l.	0963	IL COLLE	0853	PRIVATE LABEL	0127	PROSECCO	0003	VAP	0053	CL  75	242	PRIVATE LABEL SPUM	300	VINO	32C	VINO CONFEZIONATO PL	320	SPUMANTI	0056	VENETO
D9ASA	PL CONTARINI VICTOR SPUM PINOT N ROSE x6	0476	CONTARINI VINI SPUMANTI SPA	0156	VICTOR	0853	PRIVATE LABEL	0031	PINOT NERO	0003	VAP	0053	CL  75	242	PRIVATE LABEL SPUM	300	VINO	32C	VINO CONFEZIONATO PL	320	SPUMANTI	0056	VENETO
D9BZA	PL GOBILLARD CHAMP BRUT x1	0220	C&C SRL	0840	GOBILLARD	0853	PRIVATE LABEL	0187	CHAMPAGNE	0003	VAP	0053	CL  75	242	PRIVATE LABEL SPUM	300	VINO	32D	VINO CONFEZIONATO PL	320	CHAMPAGNE	0007	FRANCIA
D9DTA	PL IL COLLE PROSEC TREV EXD DOCx6	0018	AZIENDA VITIVINICOLA IL COLLE S.r.l.	0963	IL COLLE	0853	PRIVATE LABEL	0127	PROSECCO	0003	VAP	0053	CL  75	242	PRIVATE LABEL SPUM	300	VINO	32C	VINO CONFEZIONATO PL	320	SPUMANTI	0056	VENETO
D9EBA	PL CONTARINI VICTOR PROSEC DOC TREVIS x6	0476	CONTARINI VINI SPUMANTI SPA	0156	VICTOR	0853	PRIVATE LABEL	0127	PROSECCO	0003	VAP	0053	CL  75	242	PRIVATE LABEL SPUM	300	VINO	32C	VINO CONFEZIONATO PL	320	SPUMANTI	0056	VENETO
D9FCA	PL VIGNANA SPUMANTE BRUT X 6	0124	CANTINE PIROVANO SAS	0770	VIGNANA	0853	PRIVATE LABEL	0002	SPUMANTE BRUT	0003	VAP	0053	CL  75	242	PRIVATE LABEL SPUM	300	VINO	32C	VINO CONFEZIONATO PL	320	SPUMANTI	0012	PIEMONTE
D9FDA	PL VIGNANA SPUMANTE MOSCATO X 6	0124	CANTINE PIROVANO SAS	0770	VIGNANA	0853	PRIVATE LABEL	0205	MOSCATO	0003	VAP	0053	CL  75	242	PRIVATE LABEL SPUM	300	VINO	32C	VINO CONFEZIONATO PL	320	SPUMANTI	0012	PIEMONTE
D9FGA	PL DORALIS FRANCIACORTA BRUT DOCG x1	0300	BREDASOLE DEI F.LLI FERRARI	0454	DORALIS	0853	PRIVATE LABEL	0169	FRANCIACORTA	0003	VAP	0053	CL  75	242	PRIVATE LABEL SPUM	300	VINO	32C	VINO CONFEZIONATO PL	320	SPUMANTI	0019	LOMBARDIA
D9FGD	PL VIGNANA PROS EX DRY DOC 150x1	0554	SERENA	0770	VIGNANA	0853	PRIVATE LABEL	0127	PROSECCO	0003	VAP	0025	CL 150	242	PRIVATE LABEL SPUM	300	VINO	32C	VINO CONFEZIONATO PL	320	SPUMANTI	0056	VENETO
D9FGE	PL SYMPHONIAE PROSECCO VALD SUP DOCG x6	0444	BORTOLOMIOL SPA	1063	SYMPHONIAE	0853	PRIVATE LABEL	0127	PROSECCO	0003	VAP	0053	CL  75	242	PRIVATE LABEL SPUM	300	VINO	32C	VINO CONFEZIONATO PL	320	SPUMANTI	0056	VENETO
D9FGK	PL GOBILLARD CHAMP ROSE' x1   ASTUCC	0220	C&C SRL	0840	GOBILLARD	0853	PRIVATE LABEL	0187	CHAMPAGNE	0003	VAP	0053	CL  75	242	PRIVATE LABEL SPUM	300	VINO	32D	VINO CONFEZIONATO PL	320	CHAMPAGNE	0007	FRANCIA
D9FGY	PL H LANVIN & FILS CHAMPAGNE ROSE' 75 CL	0656	LES PRODUCTEURS ET VIGNERONS DE FRANCE	1069	H LANVIN	0853	PRIVATE LABEL	0187	CHAMPAGNE	0003	VAP	0053	CL  75	242	PRIVATE LABEL SPUM	300	VINO	32D	VINO CONFEZIONATO PL	320	CHAMPAGNE	0007	FRANCIA
D9FGZ	PL H LANVIN & FILS CHAMPAGNE BRUT 75 CL	0656	LES PRODUCTEURS ET VIGNERONS DE FRANCE	1069	H LANVIN	0853	PRIVATE LABEL	0187	CHAMPAGNE	0003	VAP	0053	CL  75	242	PRIVATE LABEL SPUM	300	VINO	32D	VINO CONFEZIONATO PL	320	CHAMPAGNE	0007	FRANCIA
D9FHA	PL VIA AUGUSTEA SPUM. MULLER THURGAU X6	059	CONCILIO SPA	1048	VIA AUGUSTEA	0853	PRIVATE LABEL	0165	MULLER THURGAU	0003	VAP	0053	CL  75	242	PRIVATE LABEL SPUM	300	VINO	32C	VINO CONFEZIONATO PL	320	SPUMANTI	0065	TRENTINO
D9FHB	PL SYMPHONIAE PROS DOCG MAGNUM 150 x1	0444	BORTOLOMIOL SPA	1063	SYMPHONIAE	0853	PRIVATE LABEL	0127	PROSECCO	0003	VAP	0025	CL 150	242	PRIVATE LABEL SPUM	300	VINO	32C	VINO CONFEZIONATO PL	320	SPUMANTI	0056	VENETO
D9FHC	PL PICTOR GRAN COUVEE X 6	0220	C&C SRL	1079	PICTOR	0853	PRIVATE LABEL	0127	PROSECCO	0003	VAP	0053	CL  75	242	PRIVATE LABEL SPUM	300	VINO	32C	VINO CONFEZIONATO PL	320	SPUMANTI	0056	VENETO
D9FHD	PL PICTOR PROSECCO MILL X 6	0220	C&C SRL	1079	PICTOR	0853	PRIVATE LABEL	0127	PROSECCO	0003	VAP	0053	CL  75	242	PRIVATE LABEL SPUM	300	VINO	32C	VINO CONFEZIONATO PL	320	SPUMANTI	0056	VENETO
D9FHE	PL VIGNANA PROSEC EX DRY DOC 20X24	0551	PIROVANO	0770	VIGNANA	0853	PRIVATE LABEL	0127	PROSECCO	0003	VAP	0090	CL  20	242	PRIVATE LABEL SPUM	300	VINO	31C	VINO CONFEZIONATO PL	320	SPUMANTI	0056	VENETO
D9FHH	PL VIGNANA PROSEC MAGNUM LIMITED 150x1	0551	PIROVANO	0770	VIGNANA	0853	PRIVATE LABEL	0127	PROSECCO	0003	VAP	0025	CL 150	242	PRIVATE LABEL SPUM	300	VINO	32C	VINO CONFEZIONATO PL	320	SPUMANTI	0056	VENETO
D9FHU	PL VIGNANA SPUM EXTRA DRY MILLESIMATO x6	0551	PIROVANO	0770	VIGNANA	0853	PRIVATE LABEL	0131	GARGANEGA	0003	VAP	0053	CL  75	242	PRIVATE LABEL SPUM	300	VINO	32C	VINO CONFEZIONATO PL	320	SPUMANTI	0056	VENETO
DOAJD	PL VAREJ BRACHETTO ACQUI MIL DOCGx6	0533	FONTANAFREDDA S.R.L.	1050	VAREJ	0853	PRIVATE LABEL	0154	BRACHETTO	0003	VAP	0053	CL  75	240	PRIVATE LABEL VINI	300	VINO	327	VINO CONFEZIONATO PL	320	VINO BOTT. DOLCI/LI	0012	PIEMONTE
E9FAZ	PEPSI MAX POSTMIX FS 9 X1	0483	PEPSI COLA	0785	PEPSI COLA	0212	PEPSI	0332	COLA	0007	FUSTO	0026	LT    9	220	Fusto	400	SOFT DRINKS	454	BIBITE FUSTI	450	LIN PEPSI COLA POST	0018	ALTRO
H0RUA	PL LIMONCELLO SORR.TO SOLE 100 x1	0048	POLINI	0620	SOLE	0853	PRIVATE LABEL	0200	LIMONCINO	0003	VAP	0044	CL 100	241	PRIVATE LABEL SPIRIT	500	SPIRITS	522	SPIRITS PL	520	LIMONCINI	0044	varie
H0RYA	PL RIFLESSI LIMONCEL 200x1	0048	POLINI	0094	POLINI	0853	PRIVATE LABEL	0200	LIMONCINO	0003	VAP	0066	CL 200	241	PRIVATE LABEL SPIRIT	500	SPIRITS	522	SPIRITS PL	520	LIMONCINI	0044	varie
H1WJA	PL AICY VODKA 100 x1	0048	POLINI	0167	AICY	0853	PRIVATE LABEL	0305	VODKA	0003	VAP	0044	CL 100	241	PRIVATE LABEL SPIRIT	500	SPIRITS	529	SPIRITS PL	520	VODKA	0044	varie
H8EKA	PL GIN ST PAUL 100 x1	0048	POLINI	0562	ST PAUL	0853	PRIVATE LABEL	0278	GIN	0003	VAP	0044	CL 100	241	PRIVATE LABEL SPIRIT	500	SPIRITS	528	SPIRITS PL	520	GIN	0044	varie
H9ACA	PL HAPPY SPRITZ 100 x1	0040	DISTILLATI GROUP	0360	HAPPY SPRITZ	0853	PRIVATE LABEL	0310	APERITIVO	0003	VAP	0044	CL 100	241	PRIVATE LABEL SPIRIT	500	SPIRITS	52F	SPIRITS PL	520	LIQUORI ALTRI	0044	varie
H9FMA	PL AICY VODKA FRAGOLA 100 x1	0048	POLINI	0167	AICY	0853	PRIVATE LABEL	0305	VODKA	0003	VAP	0044	CL 100	241	PRIVATE LABEL SPIRIT	500	SPIRITS	529	SPIRITS PL	520	VODKA	0044	varie
H9FMB	PL AICY VODKA LIQUIRIZIA 100x1	0048	POLINI	0167	AICY	0853	PRIVATE LABEL	0305	VODKA	0003	VAP	0044	CL 100	241	PRIVATE LABEL SPIRIT	500	SPIRITS	529	SPIRITS PL	520	VODKA	0044	varie
H9FMC	PL AICY VODKA LIMONE 100x1	0048	POLINI	0167	AICY	0853	PRIVATE LABEL	0305	VODKA	0003	VAP	0044	CL 100	241	PRIVATE LABEL SPIRIT	500	SPIRITS	529	SPIRITS PL	520	VODKA	0044	varie
H9FNA	PL AICY VODKA PESCA 100 x1	0048	POLINI	0167	AICY	0853	PRIVATE LABEL	0305	VODKA	0003	VAP	0044	CL 100	241	PRIVATE LABEL SPIRIT	500	SPIRITS	529	SPIRITS PL	520	VODKA	0044	varie
H9GTA	PL RON SANTA CRUZ 7 ANOS 100 x1	0048	POLINI	0140	SANTA CRUZ	0853	PRIVATE LABEL	0241	RUM	0003	VAP	0044	CL 100	241	PRIVATE LABEL SPIRIT	500	SPIRITS	52A	SPIRITS PL	520	RHUM	0044	varie
H9GUA	PL RON SANTA CRUZ BLANCO 100 x1	0048	POLINI	0140	SANTA CRUZ	0853	PRIVATE LABEL	0241	RUM	0003	VAP	0044	CL 100	241	PRIVATE LABEL SPIRIT	500	SPIRITS	52A	SPIRITS PL	520	RHUM	0044	varie
H9JBA	PL GRADAIA GRAPPA BIANCA 70 x1	0107	DOMENIS	0359	GRADAIA	0853	PRIVATE LABEL	0016	GRAPPA	0003	VAP	0070	CL  70	241	PRIVATE LABEL SPIRIT	500	SPIRITS	526	SPIRITS PL	520	GRAPPE	0044	varie
H9JDA	PL GRADAIA GRAPPA CABERNET ASTUCC x1	0107	DOMENIS	0359	GRADAIA	0853	PRIVATE LABEL	0016	GRAPPA	0003	VAP	0070	CL  70	241	PRIVATE LABEL SPIRIT	500	SPIRITS	526	SPIRITS PL	520	GRAPPE	0044	varie
H9KCA	PL GRADAIA GRAPPA CHARDONNAY ASTUCC 70x1	0107	DOMENIS	0359	GRADAIA	0853	PRIVATE LABEL	0016	GRAPPA	0003	VAP	0070	CL  70	241	PRIVATE LABEL SPIRIT	500	SPIRITS	526	SPIRITS PL	520	GRAPPE	0044	varie
H9NQA	PL AICY VODKA MELONE 100 x1	0048	POLINI	0167	AICY	0853	PRIVATE LABEL	0305	VODKA	0003	VAP	0044	CL 100	241	PRIVATE LABEL SPIRIT	500	SPIRITS	529	SPIRITS PL	520	VODKA	0044	varie
H9NRA	PL AICY VODKA MENTA 100 x1	0048	POLINI	0167	AICY	0853	PRIVATE LABEL	0305	VODKA	0003	VAP	0044	CL 100	241	PRIVATE LABEL SPIRIT	500	SPIRITS	529	SPIRITS PL	520	VODKA	0044	varie
H9PSA	PL GRADAIA GRAPPA MOSCATO ASTUCC 70 x1	0107	DOMENIS	0359	GRADAIA	0853	PRIVATE LABEL	0016	GRAPPA	0003	VAP	0070	CL  70	241	PRIVATE LABEL SPIRIT	500	SPIRITS	526	SPIRITS PL	520	GRAPPE	0044	varie
H9PTA	PL GRADAIA GRAPPA PROSECCO ASTUCC 70 x1	0107	DOMENIS	0359	GRADAIA	0853	PRIVATE LABEL	0016	GRAPPA	0003	VAP	0070	CL  70	241	PRIVATE LABEL SPIRIT	500	SPIRITS	526	SPIRITS PL	520	GRAPPE	0044	varie
H9PUA	PL GRADAIA GRAPPA RISERVA ASTUCC 70 x1	0107	DOMENIS	0359	GRADAIA	0853	PRIVATE LABEL	0016	GRAPPA	0003	VAP	0070	CL  70	241	PRIVATE LABEL SPIRIT	500	SPIRITS	526	SPIRITS PL	520	GRAPPE	0044	varie
H9ZAM	PL GRADAIA GRAPPA RISERVA ASTUCC 150x1	0107	DOMENIS	0359	GRADAIA	0853	PRIVATE LABEL	0016	GRAPPA	0003	VAP	0070	CL  70	241	PRIVATE LABEL SPIRIT	500	SPIRITS	526	SPIRITS PL	520	GRAPPE	0044	varie
H9ZAV	PL GRADAIA FRIULANA PRESTIGE astucc 70x1	0107	DOMENIS	0359	GRADAIA	0853	PRIVATE LABEL	0016	GRAPPA	0003	VAP	0070	CL  70	241	PRIVATE LABEL SPIRIT	500	SPIRITS	526	SPIRITS PL	520	GRAPPE	0018	ALTRO
H9ZAW	PL GRADAIA RISERVA PRESTIGE astucc 70 x1	0107	DOMENIS	0359	GRADAIA	0853	PRIVATE LABEL	0016	GRAPPA	0003	VAP	0070	CL  70	241	PRIVATE LABEL SPIRIT	500	SPIRITS	526	SPIRITS PL	520	GRAPPE	0018	ALTRO
H9ZBB	PL GRADAIA SAMBUCA 100 x1	0107	DOMENIS	0359	GRADAIA	0853	PRIVATE LABEL	0087	LIQUORE DOLCE	0003	VAP	0044	CL 100	241	PRIVATE LABEL SPIRIT	500	SPIRITS	52F	SPIRITS PL	520	LIQUORI ALTRI	0018	ALTRO
H9ZBE	PL GRAPPA CENTOCENTILITRI 38¬∞ cl 100	0107	DOMENIS	0359	GRADAIA	0853	PRIVATE LABEL	0016	GRAPPA	0003	VAP	0044	CL 100	241	PRIVATE LABEL SPIRIT	500	SPIRITS	526	SPIRITS PL	520	GRAPPE	0018	ALTRO
H9ZBH	PL ACAPULCO TEQUILA CL 100	0048	POLINI	1073	ACAPULCO	0853	PRIVATE LABEL	0183	TEQUILA/CACHACA	0003	VAP	0044	CL 100	241	PRIVATE LABEL SPIRIT	500	SPIRITS	52C	SPIRITS PL	520	TEQUILA & CACHACA PL	0018	ALTRO
